timestamp, clocks.current.sm [MHz], utilization.gpu [%], power.draw [W], temperature.gpu
2026/09/26 12:43:05.297, 2190 MHz, 0 %, 8.54 W, 42
2026/09/26 12:43:06.298, 2190 MHz, 0 %, 8.62 W, 42
2026/09/26 12:43:07.298, 2190 MHz, 0 %, 8.59 W, 42
2026/09/26 12:43:08.299, 2190 MHz, 0 %, 8.61 W, 42
2026/09/26 12:43:09.299, 2190 MHz, 0 %, 13.23 W, 42
2026/09/26 12:43:10.299, 2190 MHz, 38 %, 45.00 W, 46
2026/09/26 12:43:11.300, 2190 MHz, 54 %, 19.72 W, 52
2026/09/26 12:43:12.300, 2190 MHz, 96 %, 62.05 W, 56
2026/09/26 12:43:13.301, 2190 MHz, 96 %, 63.27 W, 56
2026/09/26 12:43:14.301, 2190 MHz, 96 %, 63.09 W, 57
2026/09/26 12:43:15.302, 2190 MHz, 96 %, 63.73 W, 60
2026/09/26 12:43:16.302, 2190 MHz, 96 %, 64.08 W, 59
2026/09/26 12:43:17.302, 2190 MHz, 96 %, 64.63 W, 57
2026/09/26 12:43:18.303, 2190 MHz, 78 %, 43.08 W, 51
2026/09/26 12:43:19.304, 2190 MHz, 93 %, 29.63 W, 52
2026/09/26 12:43:20.304, 2190 MHz, 93 %, 29.64 W, 52
2026/09/26 12:43:21.305, 2190 MHz, 93 %, 29.62 W, 52
2026/09/26 12:43:22.305, 2190 MHz, 93 %, 29.60 W, 52
2026/09/26 12:43:23.305, 2190 MHz, 84 %, 27.47 W, 50
2026/09/26 12:43:24.305, 2190 MHz, 0 %, 9.17 W, 47
2026/09/26 12:43:25.306, 2190 MHz, 0 %, 8.98 W, 47
2026/09/26 12:43:26.306, 2197 MHz, 0 %, 8.97 W, 47
2026/09/26 12:43:27.306, 2190 MHz, 0 %, 12.17 W, 46
2026/09/26 12:43:28.306, 2190 MHz, 53 %, 45.84 W, 50
2026/09/26 12:43:29.307, 2190 MHz, 60 %, 20.87 W, 57
2026/09/26 12:43:30.307, 2190 MHz, 96 %, 63.18 W, 61
2026/09/26 12:43:31.307, 2190 MHz, 96 %, 63.89 W, 59
2026/09/26 12:43:32.307, 2190 MHz, 96 %, 64.14 W, 58
2026/09/26 12:43:33.308, 2190 MHz, 96 %, 64.55 W, 62
2026/09/26 12:43:34.308, 2190 MHz, 96 %, 64.88 W, 62
2026/09/26 12:43:35.308, 2190 MHz, 96 %, 65.62 W, 61
2026/09/26 12:43:36.308, 2190 MHz, 89 %, 40.69 W, 55
2026/09/26 12:43:37.309, 2190 MHz, 93 %, 30.27 W, 55
2026/09/26 12:43:38.309, 2190 MHz, 93 %, 30.30 W, 55
2026/09/26 12:43:39.309, 2190 MHz, 93 %, 30.27 W, 54
2026/09/26 12:43:40.310, 2190 MHz, 93 %, 30.18 W, 55
2026/09/26 12:43:41.310, 2190 MHz, 76 %, 27.53 W, 53
2026/09/26 12:43:42.310, 2190 MHz, 0 %, 9.38 W, 50
2026/09/26 12:43:43.311, 2190 MHz, 0 %, 9.20 W, 49
2026/09/26 12:43:44.311, 2190 MHz, 0 %, 9.21 W, 49
2026/09/26 12:43:45.312, 2190 MHz, 54 %, 19.01 W, 57
2026/09/26 12:43:46.312, 2190 MHz, 0 %, 41.62 W, 51
2026/09/26 12:43:47.313, 2190 MHz, 96 %, 33.15 W, 62
2026/09/26 12:43:48.313, 2190 MHz, 96 %, 64.23 W, 63
2026/09/26 12:43:49.314, 2190 MHz, 96 %, 64.65 W, 61
2026/09/26 12:43:50.314, 2190 MHz, 96 %, 64.94 W, 63
2026/09/26 12:43:51.315, 2190 MHz, 96 %, 64.84 W, 64
2026/09/26 12:43:52.315, 2190 MHz, 96 %, 65.73 W, 63
2026/09/26 12:43:53.316, 2190 MHz, 96 %, 65.43 W, 66
2026/09/26 12:43:54.316, 2190 MHz, 93 %, 31.85 W, 57
2026/09/26 12:43:55.316, 2190 MHz, 93 %, 30.58 W, 57
2026/09/26 12:43:56.317, 2190 MHz, 93 %, 30.58 W, 56
2026/09/26 12:43:57.317, 2190 MHz, 93 %, 30.51 W, 57
2026/09/26 12:43:58.317, 2190 MHz, 93 %, 30.51 W, 57
2026/09/26 12:43:59.318, 2190 MHz, 0 %, 22.95 W, 52
2026/09/26 12:44:00.318, 2190 MHz, 0 %, 9.50 W, 51
2026/09/26 12:44:01.318, 2190 MHz, 0 %, 9.39 W, 51
2026/09/26 12:44:02.319, 2190 MHz, 0 %, 9.35 W, 51
2026/09/26 12:44:03.319, 2190 MHz, 96 %, 26.64 W, 61
2026/09/26 12:44:04.319, 2190 MHz, 0 %, 35.26 W, 51
2026/09/26 12:44:05.319, 2190 MHz, 96 %, 33.68 W, 62
2026/09/26 12:44:06.320, 2190 MHz, 96 %, 64.37 W, 63
2026/09/26 12:44:07.320, 2190 MHz, 96 %, 64.99 W, 65
2026/09/26 12:44:08.321, 2190 MHz, 96 %, 64.98 W, 64
2026/09/26 12:44:09.321, 2190 MHz, 96 %, 65.92 W, 67
2026/09/26 12:44:10.322, 2190 MHz, 96 %, 65.82 W, 66
2026/09/26 12:44:11.322, 2190 MHz, 96 %, 65.75 W, 66
2026/09/26 12:44:12.322, 2190 MHz, 93 %, 33.66 W, 58
2026/09/26 12:44:13.322, 2190 MHz, 93 %, 30.73 W, 58
2026/09/26 12:44:14.323, 2190 MHz, 93 %, 30.63 W, 58
2026/09/26 12:44:15.324, 2190 MHz, 93 %, 30.77 W, 58
2026/09/26 12:44:16.324, 2190 MHz, 94 %, 30.72 W, 58
2026/09/26 12:44:17.324, 2190 MHz, 0 %, 22.58 W, 53
2026/09/26 12:44:18.325, 2190 MHz, 0 %, 9.69 W, 53
2026/09/26 12:44:19.325, 2190 MHz, 0 %, 9.55 W, 52
2026/09/26 12:44:20.326, 2190 MHz, 0 %, 9.53 W, 52
2026/09/26 12:44:21.326, 2190 MHz, 44 %, 13.76 W, 60
2026/09/26 12:44:22.326, 2190 MHz, 0 %, 46.64 W, 54
2026/09/26 12:44:23.326, 2190 MHz, 93 %, 21.44 W, 60
2026/09/26 12:44:24.327, 2190 MHz, 96 %, 64.32 W, 63
2026/09/26 12:44:25.328, 2190 MHz, 96 %, 65.12 W, 65
2026/09/26 12:44:26.328, 2190 MHz, 96 %, 65.17 W, 68
2026/09/26 12:44:27.329, 2190 MHz, 96 %, 65.41 W, 65
2026/09/26 12:44:28.329, 2190 MHz, 96 %, 66.00 W, 65
2026/09/26 12:44:29.330, 2190 MHz, 96 %, 66.94 W, 67
2026/09/26 12:44:30.330, 2190 MHz, 93 %, 42.88 W, 59
2026/09/26 12:44:31.331, 2190 MHz, 93 %, 30.92 W, 59
2026/09/26 12:44:32.331, 2190 MHz, 93 %, 30.97 W, 59
2026/09/26 12:44:33.332, 2190 MHz, 93 %, 30.96 W, 59
2026/09/26 12:44:34.332, 2190 MHz, 93 %, 30.92 W, 59
2026/09/26 12:44:35.333, 2190 MHz, 8 %, 27.50 W, 55
2026/09/26 12:44:36.333, 2190 MHz, 0 %, 9.85 W, 54
2026/09/26 12:44:37.333, 2190 MHz, 0 %, 9.69 W, 53
2026/09/26 12:44:38.334, 2190 MHz, 0 %, 9.60 W, 53
2026/09/26 12:44:39.335, 2190 MHz, 96 %, 20.43 W, 62
2026/09/26 12:44:40.335, 2190 MHz, 0 %, 41.45 W, 54
2026/09/26 12:44:41.336, 2190 MHz, 96 %, 30.52 W, 64
2026/09/26 12:44:42.336, 2190 MHz, 96 %, 64.82 W, 68
2026/09/26 12:44:43.336, 2190 MHz, 96 %, 65.33 W, 65
2026/09/26 12:44:44.337, 2190 MHz, 96 %, 65.72 W, 66
2026/09/26 12:44:45.337, 2190 MHz, 96 %, 65.21 W, 66
2026/09/26 12:44:46.338, 2190 MHz, 96 %, 66.95 W, 67
2026/09/26 12:44:47.339, 2190 MHz, 96 %, 66.85 W, 66
2026/09/26 12:44:48.339, 2190 MHz, 93 %, 34.87 W, 60
2026/09/26 12:44:49.339, 2190 MHz, 93 %, 31.06 W, 59
2026/09/26 12:44:50.340, 2190 MHz, 93 %, 31.07 W, 60
2026/09/26 12:44:51.341, 2190 MHz, 93 %, 31.03 W, 60
2026/09/26 12:44:52.341, 2190 MHz, 93 %, 30.91 W, 60
2026/09/26 12:44:53.342, 2190 MHz, 0 %, 24.67 W, 55
2026/09/26 12:44:54.342, 2190 MHz, 0 %, 9.89 W, 54
2026/09/26 12:44:55.343, 2190 MHz, 0 %, 9.80 W, 54
2026/09/26 12:44:56.343, 2190 MHz, 0 %, 9.73 W, 54
2026/09/26 12:44:57.344, 2190 MHz, 96 %, 27.06 W, 64
2026/09/26 12:44:58.345, 2190 MHz, 0 %, 34.15 W, 54
2026/09/26 12:44:59.345, 2190 MHz, 96 %, 38.60 W, 65
2026/09/26 12:45:00.345, 2190 MHz, 96 %, 65.22 W, 68
2026/09/26 12:45:01.345, 2190 MHz, 96 %, 65.33 W, 67
2026/09/26 12:45:02.345, 2190 MHz, 96 %, 65.73 W, 65
2026/09/26 12:45:03.346, 2190 MHz, 96 %, 65.63 W, 68
2026/09/26 12:45:04.346, 2190 MHz, 96 %, 66.19 W, 68
2026/09/26 12:45:05.346, 2190 MHz, 96 %, 66.56 W, 68
2026/09/26 12:45:06.346, 2190 MHz, 93 %, 31.33 W, 61
2026/09/26 12:45:07.347, 2190 MHz, 93 %, 31.17 W, 61
2026/09/26 12:45:08.347, 2190 MHz, 93 %, 31.15 W, 60
2026/09/26 12:45:09.347, 2190 MHz, 93 %, 31.13 W, 61
2026/09/26 12:45:10.347, 2190 MHz, 93 %, 31.18 W, 60
2026/09/26 12:45:11.348, 2190 MHz, 0 %, 20.63 W, 56
2026/09/26 12:45:12.348, 2190 MHz, 0 %, 9.92 W, 55
2026/09/26 12:45:13.349, 2190 MHz, 0 %, 9.84 W, 55
2026/09/26 12:45:14.349, 2190 MHz, 0 %, 9.80 W, 54
2026/09/26 12:45:15.350, 2190 MHz, 96 %, 36.55 W, 64
2026/09/26 12:45:16.351, 2190 MHz, 0 %, 27.26 W, 55
2026/09/26 12:45:17.351, 2190 MHz, 96 %, 47.90 W, 64
2026/09/26 12:45:18.351, 2190 MHz, 96 %, 65.32 W, 69
2026/09/26 12:45:19.351, 2190 MHz, 96 %, 65.39 W, 66
2026/09/26 12:45:20.352, 2190 MHz, 96 %, 65.69 W, 68
2026/09/26 12:45:21.352, 2190 MHz, 96 %, 66.15 W, 70
2026/09/26 12:45:22.353, 2190 MHz, 96 %, 66.21 W, 67
2026/09/26 12:45:23.353, 2190 MHz, 96 %, 65.67 W, 70
2026/09/26 12:45:24.354, 2190 MHz, 93 %, 29.29 W, 61
2026/09/26 12:45:25.354, 2190 MHz, 93 %, 31.31 W, 61
2026/09/26 12:45:26.355, 2190 MHz, 93 %, 31.32 W, 61
2026/09/26 12:45:27.355, 2190 MHz, 93 %, 31.26 W, 61
2026/09/26 12:45:28.356, 2190 MHz, 93 %, 31.24 W, 61
