"File Path","/home/sunghoon/orca/workspaces/ds4-dfm-rs/feat-perf-mimo-26/cuda/mimo2_primitives.cuh"
"Function Name","mimo2_split_rope(float *, float *, float *, const float *, const float2 *, unsigned int, unsigned int)"
"Line No","Source","Address","Source","Warp Stall Sampling (All Samples)","Warp Stall Sampling (Not-issued Samples)","# Samples","Instructions Executed","Thread Instructions Executed","Predicated-On Thread Instructions Executed","Avg. Threads Executed","Avg. Predicated-On Threads Executed","Derivative Avg. Predicated-On Threads Executed","Avg. Predicated-On Threads Unexecuted","Divergent Branches","Address Space","Access Operation","Access Size","L1 Tag Requests Global","L1 Conflicts Shared N-Way","L2 Theoretical Sectors Global Excessive","L2 Theoretical Sectors Global","L2 Theoretical Sectors Global Ideal","L2 Explicit Evict Policies","L2 Explicit Hit Policy Evict First","L2 Explicit Hit Policy Evict Last","L2 Explicit Hit Policy Evict Normal","L2 Explicit Hit Policy Evict Normal Demote","L2 Explicit Miss Policy Evict First","L2 Explicit Miss Policy Evict Normal","stall_barrier","stall_branch_resolving","stall_dispatch","stall_drain","stall_lg","stall_long_sb","stall_math","stall_membar","stall_mio","stall_misc","stall_no_inst","stall_not_selected","stall_selected","stall_short_sb","stall_sleep","stall_tex","stall_wait","stall_barrier (Not Issued)","stall_branch_resolving (Not Issued)","stall_dispatch (Not Issued)","stall_drain (Not Issued)","stall_lg (Not Issued)","stall_long_sb (Not Issued)","stall_math (Not Issued)","stall_membar (Not Issued)","stall_mio (Not Issued)","stall_misc (Not Issued)","stall_no_inst (Not Issued)","stall_not_selected (Not Issued)","stall_selected (Not Issued)","stall_short_sb (Not Issued)","stall_sleeping (Not Issued)","stall_tex (Not Issued)","stall_wait (Not Issued)"
"33","__global__ static void mimo2_split_rope(","-","-","476","292","476","1736704","55574528","55574528","32","32","0","0","0","-","-","-","0","0","0","0","0","-","0","0","0","0","0","0","0","0","6","0","0","0","0","0","27","0","320","123","0","0","0","0","0","0","0","0","0","0","0","0","0","16","0","272","4","0","0","0","0","0"
"","","0xe1f4bd71e100","      LDC R1, c[0x0][0x37c]","476","292","476","1736704","55574528","55574528","32","32","0","0","0","-","-","-","0","0","0","0","0","-","0","0","0","0","0","0","0","0","6","0","0","0","0","0","27","0","320","123","0","0","0","0","0","0","0","0","0","0","0","0","0","16","0","272","4","0","0","0","0","0"
"37","const unsigned stride = Q_HEADS * KEY + kv_heads * (KEY + VALUE);","-","-","456","187","456","5210112","166723584","166723584","96","96","0","0","0","-","-","-","0","0","0","0","0","-","0","0","0","0","0","0","0","0","6","0","0","0","0","0","0","0","0","36","105","309","0","0","0","0","0","0","0","0","0","0","0","0","0","0","3","0","184","0","0","0"
"","","0xe1f4bd71e130","      LDCU.64 UR4, c[0x0][0x3a8]","44","0","44","1736704","55574528","55574528","32","32","0","0","0","-","-","-","0","0","0","0","0","-","0","0","0","0","0","0","0","0","2","0","0","0","0","0","0","0","0","0","42","0","0","0","0","0","0","0","0","0","0","0","0","0","0","0","0","0","0","0","0","0"
"","","...","...","-","-","-","-","-","-","-","-","-","-","-","-","-","-","-","-","-","-","-","-","-","-","-","-","-","-","-","-","-","-","-","-","-","-","-","-","-","-","-","-","-","-","-","-","-","-","-","-","-","-","-","-","-","-","-","-","-","-","-","-"
"","","0xe1f4bd71e150","      UMOV UR6, 0x140","26","0","26","1736704","55574528","55574528","32","32","0","0","0","-","-","-","0","0","0","0","0","-","0","0","0","0","0","0","0","0","0","0","0","0","0","0","0","0","0","0","26","0","0","0","0","0","0","0","0","0","0","0","0","0","0","0","0","0","0","0","0","0"
"","","...","...","-","-","-","-","-","-","-","-","-","-","-","-","-","-","-","-","-","-","-","-","-","-","-","-","-","-","-","-","-","-","-","-","-","-","-","-","-","-","-","-","-","-","-","-","-","-","-","-","-","-","-","-","-","-","-","-","-","-","-","-"
"","","0xe1f4bd71e170","      UIMAD UR6, UR4, UR6, 0x3000","386","187","386","1736704","55574528","55574528","32","32","0","0","0","-","-","-","0","0","0","0","0","-","0","0","0","0","0","0","0","0","4","0","0","0","0","0","0","0","0","36","37","309","0","0","0","0","0","0","0","0","0","0","0","0","0","0","3","0","184","0","0","0"
"38","const uint64_t i = (uint64_t)blockIdx.x * blockDim.x + threadIdx.x;","-","-","1793","874","1793","8683520","277872640","277872640","160","160","0","0","0","-","-","-","0","0","0","0","0","-","0","0","0","0","0","0","0","0","17","0","0","0","33","0","57","0","0","144","209","922","0","0","411","0","0","4","0","0","0","4","0","34","0","0","3","0","594","0","0","235"
"","","0xe1f4bd71e110","      S2R R2, SR_TID.X","42","0","42","1736704","55574528","55574528","32","32","0","0","0","-","-","-","0","0","0","0","0","-","0","0","0","0","0","0","0","0","1","0","0","0","0","0","0","0","0","0","41","0","0","0","0","0","0","0","0","0","0","0","0","0","0","0","0","0","0","0","0","0"
"","","0xe1f4bd71e120","      S2UR UR7, SR_CTAID.X","315","175","315","1736704","55574528","55574528","32","32","0","0","0","-","-","-","0","0","0","0","0","-","0","0","0","0","0","0","0","0","3","0","0","0","0","0","21","0","0","14","39","0","0","0","238","0","0","0","0","0","0","0","0","12","0","0","1","0","0","0","0","162"
"","","...","...","-","-","-","-","-","-","-","-","-","-","-","-","-","-","-","-","-","-","-","-","-","-","-","-","-","-","-","-","-","-","-","-","-","-","-","-","-","-","-","-","-","-","-","-","-","-","-","-","-","-","-","-","-","-","-","-","-","-","-","-"
"","","0xe1f4bd71e140","      HFMA2 R3, -RZ, RZ, 0, 0","36","0","36","1736704","55574528","55574528","32","32","0","0","0","-","-","-","0","0","0","0","0","-","0","0","0","0","0","0","0","0","1","0","0","0","0","0","0","0","0","0","35","0","0","0","0","0","0","0","0","0","0","0","0","0","0","0","0","0","0","0","0","0"
"","","...","...","-","-","-","-","-","-","-","-","-","-","-","-","-","-","-","-","-","-","-","-","-","-","-","-","-","-","-","-","-","-","-","-","-","-","-","-","-","-","-","-","-","-","-","-","-","-","-","-","-","-","-","-","-","-","-","-","-","-","-","-"
"","","0xe1f4bd71e160","      LDC R5, c[0x0][0x360]","339","98","339","1736704","55574528","55574528","32","32","0","0","0","-","-","-","0","0","0","0","0","-","0","0","0","0","0","0","0","0","5","0","0","0","0","0","36","0","0","80","45","0","0","0","173","0","0","1","0","0","0","0","0","22","0","0","2","0","0","0","0","73"
"","","...","...","-","-","-","-","-","-","-","-","-","-","-","-","-","-","-","-","-","-","-","-","-","-","-","-","-","-","-","-","-","-","-","-","-","-","-","-","-","-","-","-","-","-","-","-","-","-","-","-","-","-","-","-","-","-","-","-","-","-","-","-"
"","","0xe1f4bd71e190","      IMAD.WIDE.U32 R2, R5, UR7, R2","1061","601","1061","1736704","55574528","55574528","32","32","0","0","0","-","-","-","0","0","0","0","0","-","0","0","0","0","0","0","0","0","7","0","0","0","33","0","0","0","0","50","49","922","0","0","0","0","0","3","0","0","0","4","0","0","0","0","0","0","594","0","0","0"
"39","if (i >= (uint64_t)rows * stride) { return; }","-","-","1237","588","1237","5210112","166723584","111149056","96","64","32","32","0","-","-","-","0","0","0","0","0","-","0","0","0","0","0","0","0","0","87","0","0","0","77","0","0","0","0","161","105","0","0","0","807","0","0","54","0","0","0","18","0","0","0","0","3","0","0","0","0","513"
"","","0xe1f4bd71e180","      UIMAD.WIDE.U32 UR4, UR6, UR5, URZ","189","72","189","1736704","55574528","55574528","32","32","0","0","0","-","-","-","0","0","0","0","0","-","0","0","0","0","0","0","0","0","2","0","0","0","0","0","0","0","0","46","38","0","0","0","103","0","0","1","0","0","0","0","0","0","0","0","2","0","0","0","0","69"
"","","...","...","-","-","-","-","-","-","-","-","-","-","-","-","-","-","-","-","-","-","-","-","-","-","-","-","-","-","-","-","-","-","-","-","-","-","-","-","-","-","-","-","-","-","-","-","-","-","-","-","-","-","-","-","-","-","-","-","-","-","-","-"
"","","0xe1f4bd71e1a0","      ISETP.GE.U64.AND P0, PT, R2, UR4, PT","418","163","418","1736704","55574528","55574528","32","32","0","0","0","-","-","-","0","0","0","0","0","-","0","0","0","0","0","0","0","0","76","0","0","0","77","0","0","0","0","69","40","0","0","0","156","0","0","53","0","0","0","18","0","0","0","0","0","0","0","0","0","92"
"","","0xe1f4bd71e1b0","@P0   EXIT","630","353","630","1736704","55574528","0","32","0","32","32","0","-","-","-","0","0","0","0","0","-","0","0","0","0","0","0","0","0","9","0","0","0","0","0","0","0","0","46","27","0","0","0","548","0","0","0","0","0","0","0","0","0","0","0","1","0","0","0","0","352"
"40","const unsigned row = i / stride, col = i % stride;","-","-","7593","3153","7593","48627712","1556086784","1278394586","896","736","288","384","0","-","-","-","0","0","0","0","0","-","0","0","0","0","0","0","0","114","196","0","0","0","219","0","8","0","114","605","1082","1280","0","0","3975","0","56","72","0","0","0","71","0","7","0","56","18","0","776","0","0","2097"
"","","0xe1f4bd71e1c0","      ISETP.NE.U32.AND P0, PT, R3, RZ, PT","232","119","232","1736704","55574528","55574528","32","32","32","0","0","-","-","-","0","0","0","0","0","-","0","0","0","0","0","0","0","0","2","0","0","0","0","0","0","0","0","11","38","0","0","0","181","0","0","0","0","0","0","0","0","0","0","0","1","0","0","0","0","118"
"","","0xe1f4bd71e1d0","      BSSY.RECONVERGENT B0, 0xe1f4bd71e3f0","47","0","47","1736704","55574528","55574528","32","32","0","0","0","-","-","-","0","0","0","0","0","-","0","0","0","0","0","0","0","0","1","0","0","0","0","0","0","0","0","0","46","0","0","0","0","0","0","0","0","0","0","0","0","0","0","0","0","0","0","0","0","0"
"","","0xe1f4bd71e1e0","@P0   BRA 0xe1f4bd71e360","561","255","561","1736704","55574528","0","32","0","32","32","0","-","-","-","0","0","0","0","0","-","0","0","0","0","0","0","0","0","6","0","0","0","0","0","0","0","0","45","45","0","0","0","465","0","0","2","0","0","0","0","0","0","0","0","1","0","0","0","0","252"
"","","0xe1f4bd71e1f0","      UI2F.U32.RP UR4, UR6","224","94","224","1736704","55574528","55574528","32","32","32","0","0","-","-","-","0","0","0","0","0","-","0","0","0","0","0","0","0","0","4","0","0","0","0","0","0","0","0","10","37","0","0","0","173","0","0","0","0","0","0","0","0","0","0","0","0","0","0","0","0","94"
"","","0xe1f4bd71e200","      IADD R7, RZ, -UR6","92","22","92","1736704","55574528","55574528","32","32","0","0","0","-","-","-","0","0","0","0","0","-","0","0","0","0","0","0","0","0","2","0","0","0","0","0","0","0","0","11","39","0","0","0","40","0","0","1","0","0","0","0","0","0","0","0","3","0","0","0","0","18"
"","","0xe1f4bd71e210","      MOV R4, RZ","46","0","46","1736704","55574528","55574528","32","32","0","0","0","-","-","-","0","0","0","0","0","-","0","0","0","0","0","0","0","0","3","0","0","0","0","0","0","0","0","0","43","0","0","0","0","0","0","0","0","0","0","0","0","0","0","0","0","0","0","0","0","0"
"","","0xe1f4bd71e220","      ISETP.NE.U32.AND P2, PT, RZ, UR6, PT","40","0","40","1736704","55574528","55574528","32","32","0","0","0","-","-","-","0","0","0","0","0","-","0","0","0","0","0","0","0","0","2","0","0","0","0","0","0","0","0","0","38","0","0","0","0","0","0","0","0","0","0","0","0","0","0","0","0","0","0","0","0","0"
"","","0xe1f4bd71e230","      MUFU.RCP R0, UR4","251","98","251","1736704","55574528","55574528","32","32","0","0","0","-","-","-","0","0","0","0","0","-","0","0","0","0","0","0","0","0","2","0","0","0","0","0","6","0","0","43","39","0","0","0","161","0","0","0","0","0","0","0","0","5","0","0","3","0","0","0","0","90"
"","","0xe1f4bd71e240","      IADD R0, R0, 0xffffffe","701","369","701","1736704","55574528","55574528","32","32","0","0","0","-","-","-","0","0","0","0","0","-","0","0","0","0","0","0","0","0","7","0","0","0","0","0","0","0","0","24","30","599","0","0","41","0","0","2","0","0","0","0","0","0","0","0","1","0","341","0","0","25"
"","","0xe1f4bd71e250","      F2I.FTZ.U32.TRUNC.NTZ R5, R0","251","78","251","1736704","55574528","55574528","32","32","0","0","0","-","-","-","0","0","0","0","0","-","0","0","0","0","0","0","0","0","16","0","0","0","0","0","2","0","0","47","40","0","0","0","146","0","0","1","0","0","0","0","0","2","0","0","1","0","0","0","0","74"
"","","0xe1f4bd71e260","      IMAD R7, R7, R5, RZ","794","468","794","1736704","55574528","55574528","32","32","0","0","0","-","-","-","0","0","0","0","0","-","0","0","0","0","0","0","0","0","11","0","0","0","23","0","0","0","0","10","32","681","0","0","37","0","0","7","0","0","0","4","0","0","0","0","0","0","435","0","0","22"
"","","0xe1f4bd71e270","      IMAD.HI.U32 R5, R5, R7, R4","290","91","290","1736704","55574528","55574528","32","32","0","0","0","-","-","-","0","0","0","0","0","-","0","0","0","0","0","0","0","0","2","0","0","0","46","0","0","0","0","45","47","0","0","0","150","0","0","0","0","0","0","11","0","0","0","0","0","0","0","0","0","80"
"","","0xe1f4bd71e280","      IMAD.HI.U32 R4, R5, R2, RZ","528","240","528","1736704","55574528","55574528","32","32","0","0","0","-","-","-","0","0","0","0","0","-","0","0","0","0","0","0","0","0","7","0","0","0","49","0","0","0","0","53","32","0","0","0","387","0","0","2","0","0","0","20","0","0","0","0","0","0","0","0","0","218"
"","","0xe1f4bd71e290","      IADD R5, -R4, RZ","365","131","365","1736704","55574528","55574528","32","32","0","0","0","-","-","-","0","0","0","0","0","-","0","0","0","0","0","0","0","0","84","0","0","0","0","0","0","0","0","59","48","0","0","0","174","0","0","52","0","0","0","0","0","0","0","0","3","0","0","0","0","76"
"","","0xe1f4bd71e2a0","      IMAD R5, R5, UR6, R2","302","123","302","1736704","55574528","55574528","32","32","0","0","0","-","-","-","0","0","0","0","0","-","0","0","0","0","0","0","0","0","6","0","0","0","39","0","0","0","0","29","40","0","0","0","188","0","0","0","0","0","0","12","0","0","0","0","0","0","0","0","0","111"
"","","0xe1f4bd71e2b0","      ISETP.GE.U32.AND P0, PT, R5, UR6, PT","254","121","254","1736704","55574528","55574528","32","32","0","0","0","-","-","-","0","0","0","0","0","-","0","0","0","0","0","0","0","0","2","0","0","0","0","0","0","0","0","24","38","0","0","0","190","0","0","0","0","0","0","0","0","0","0","0","0","0","0","0","0","121"
"","","0xe1f4bd71e2c0","@P0   IADD R5, R5, -UR6","600","276","600","1736704","55574528","90221","32","0","32","32","0","-","-","-","0","0","0","0","0","-","0","0","0","0","0","0","0","0","5","0","0","0","0","0","0","0","0","44","36","0","0","0","515","0","0","2","0","0","0","0","0","0","0","0","2","0","0","0","0","272"
"","","0xe1f4bd71e2d0","@P0   IADD R4, R4, 0x1","36","0","36","1736704","55574528","90221","32","0","0","32","0","-","-","-","0","0","0","0","0","-","0","0","0","0","0","0","0","0","5","0","0","0","0","0","0","0","0","0","31","0","0","0","0","0","0","0","0","0","0","0","0","0","0","0","0","0","0","0","0","0"
"","","0xe1f4bd71e2e0","      ISETP.GE.U32.AND P1, PT, R5, UR6, PT","202","66","202","1736704","55574528","55574528","32","32","32","0","0","-","-","-","0","0","0","0","0","-","0","0","0","0","0","0","0","0","3","0","0","0","0","0","0","0","0","32","37","0","0","0","130","0","0","0","0","0","0","0","0","0","0","0","0","0","0","0","0","66"
"","","0xe1f4bd71e2f0","      HFMA2 R5, -RZ, RZ, 0, 0","75","20","75","1736704","55574528","55574528","32","32","0","0","0","-","-","-","0","0","0","0","0","-","0","0","0","0","0","0","0","0","2","0","0","0","29","0","0","0","0","5","39","0","0","0","0","0","0","1","0","0","0","19","0","0","0","0","0","0","0","0","0","0"
"","","0xe1f4bd71e300","@P1   IADD R4, R4, 0x1","589","246","589","1736704","55574528","0","32","0","32","32","0","-","-","-","0","0","0","0","0","-","0","0","0","0","0","0","0","0","5","0","0","0","0","0","0","0","0","31","46","0","0","0","507","0","0","1","0","0","0","0","0","0","0","0","1","0","0","0","0","244"
"","","0xe1f4bd71e310","@!P2  LOP3.LUT R4, RZ, UR6, RZ, 0x33, !PT","48","2","48","1736704","55574528","0","32","0","0","32","0","-","-","-","0","0","0","0","0","-","0","0","0","0","0","0","0","0","1","0","0","0","8","0","0","0","0","4","35","0","0","0","0","0","0","0","0","0","0","1","0","0","0","0","1","0","0","0","0","0"
"","","0xe1f4bd71e320","      IADD R13, -R4, RZ","235","65","235","1736704","55574528","55574528","32","32","32","0","0","-","-","-","0","0","0","0","0","-","0","0","0","0","0","0","0","0","1","0","0","0","0","0","0","0","0","36","34","0","0","0","164","0","0","0","0","0","0","0","0","0","0","0","0","0","0","0","0","65"
"","","0xe1f4bd71e330","      IMAD R12, R13, UR6, R2","281","86","281","1736704","55574528","55574528","32","32","0","0","0","-","-","-","0","0","0","0","0","-","0","0","0","0","0","0","0","0","7","0","0","0","25","0","0","0","0","37","40","0","0","0","172","0","0","1","0","0","0","4","0","0","0","0","0","0","0","0","0","81"
"","","0xe1f4bd71e340","      MOV R13, RZ","43","0","43","1736704","55574528","55574528","32","32","0","0","0","-","-","-","0","0","0","0","0","-","0","0","0","0","0","0","0","0","1","0","0","0","0","0","0","0","0","0","42","0","0","0","0","0","0","0","0","0","0","0","0","0","0","0","0","0","0","0","0","0"
"","","0xe1f4bd71e350","      BRA 0xe1f4bd71e3d0","40","0","40","1736704","55574528","55574528","32","32","0","0","0","-","-","-","0","0","0","0","0","-","0","0","0","0","0","0","0","0","1","0","0","0","0","0","0","0","0","0","39","0","0","0","0","0","0","0","0","0","0","0","0","0","0","0","0","0","0","0","0","0"
"","","0xe1f4bd71e360","      MOV R0, 0x280","187","70","187","0","0","0","0","0","32","32","0","-","-","-","0","0","0","0","0","-","0","0","0","0","0","0","0","0","0","0","0","0","0","0","0","0","0","0","33","0","0","0","154","0","0","0","0","0","0","0","0","0","0","0","0","0","0","0","0","70"
"","","0xe1f4bd71e370","      CALL.REL.NOINC 0xe1f4bd71e900","0","0","0","0","0","0","0","0","0","32","0","-","-","-","0","0","0","0","0","-","0","0","0","0","0","0","0","0","0","0","0","0","0","0","0","0","0","0","0","0","0","0","0","0","0","0","0","0","0","0","0","0","0","0","0","0","0","0","0","0"
"","","0xe1f4bd71e380","      IADD R13, P0, RZ, -R4","0","0","0","0","0","0","0","0","0","32","0","-","-","-","0","0","0","0","0","-","0","0","0","0","0","0","0","0","0","0","0","0","0","0","0","0","0","0","0","0","0","0","0","0","0","0","0","0","0","0","0","0","0","0","0","0","0","0","0","0"
"","","0xe1f4bd71e390","      IADD.X R7, RZ, ~R5, P0","0","0","0","0","0","0","0","0","0","32","0","-","-","-","0","0","0","0","0","-","0","0","0","0","0","0","0","0","0","0","0","0","0","0","0","0","0","0","0","0","0","0","0","0","0","0","0","0","0","0","0","0","0","0","0","0","0","0","0","0"
"","","0xe1f4bd71e3a0","      IMAD.WIDE.U32 R12, R13, UR6, R2","0","0","0","0","0","0","0","0","0","32","0","-","-","-","0","0","0","0","0","-","0","0","0","0","0","0","0","0","0","0","0","0","0","0","0","0","0","0","0","0","0","0","0","0","0","0","0","0","0","0","0","0","0","0","0","0","0","0","0","0"
"","","0xe1f4bd71e3b0","      IMAD R7, R7, UR6, RZ","0","0","0","0","0","0","0","0","0","32","0","-","-","-","0","0","0","0","0","-","0","0","0","0","0","0","0","0","0","0","0","0","0","0","0","0","0","0","0","0","0","0","0","0","0","0","0","0","0","0","0","0","0","0","0","0","0","0","0","0"
"","","0xe1f4bd71e3c0","      IADD R13, R13, R7","0","0","0","0","0","0","0","0","0","32","0","-","-","-","0","0","0","0","0","-","0","0","0","0","0","0","0","0","0","0","0","0","0","0","0","0","0","0","0","0","0","0","0","0","0","0","0","0","0","0","0","0","0","0","0","0","0","0","0","0"
"","","0xe1f4bd71e3d0","      NOP","237","113","237","1736704","55574528","55574528","32","32","32","0","0","-","-","-","0","0","0","0","0","-","0","0","0","0","0","0","0","114","4","0","0","0","0","0","0","0","114","5","0","0","0","0","0","0","56","0","0","0","0","0","0","0","0","56","1","0","0","0","0","0"
"","","0xe1f4bd71e3e0","      BSYNC.RECONVERGENT B0","42","0","42","1736704","55574528","55574528","32","32","0","0","0","-","-","-","0","0","0","0","0","-","0","0","0","0","0","0","0","0","4","0","0","0","0","0","0","0","0","0","38","0","0","0","0","0","0","0","0","0","0","0","0","0","0","0","0","0","0","0","0","0"
"41","const unsigned q_end = Q_HEADS * KEY, k_end = q_end + kv_heads * KEY;","-","-","1372","672","1372","6946816","222298112","222298112","128","128","0","0","0","-","-","-","0","0","0","0","0","-","0","0","0","0","0","0","0","376","16","0","0","0","0","0","0","0","0","48","168","600","0","0","164","0","206","7","0","0","0","0","0","0","0","0","3","0","351","0","0","105"
"","","0xe1f4bd71e3f0","      LDCU UR7, c[0x0][0x3a8]","606","318","606","1736704","55574528","55574528","32","32","0","0","0","-","-","-","0","0","0","0","0","-","0","0","0","0","0","0","0","376","9","0","0","0","0","0","0","0","0","18","39","0","0","0","164","0","206","5","0","0","0","0","0","0","0","0","2","0","0","0","0","105"
"","","0xe1f4bd71e400","      UMOV UR6, 0xc0","47","0","47","1736704","55574528","55574528","32","32","0","0","0","-","-","-","0","0","0","0","0","-","0","0","0","0","0","0","0","0","0","0","0","0","0","0","0","0","0","0","47","0","0","0","0","0","0","0","0","0","0","0","0","0","0","0","0","0","0","0","0","0"
"","","0xe1f4bd71e410","      LDCU.64 UR8, c[0x0][0x358]","46","0","46","1736704","55574528","55574528","32","32","0","0","0","-","-","-","0","0","0","0","0","-","0","0","0","0","0","0","0","0","3","0","0","0","0","0","0","0","0","0","43","0","0","0","0","0","0","0","0","0","0","0","0","0","0","0","0","0","0","0","0","0"
"","","0xe1f4bd71e420","      UIMAD UR6, UR7, UR6, 0x3000","673","354","673","1736704","55574528","55574528","32","32","0","0","0","-","-","-","0","0","0","0","0","-","0","0","0","0","0","0","0","0","4","0","0","0","0","0","0","0","0","30","39","600","0","0","0","0","0","2","0","0","0","0","0","0","0","0","1","0","351","0","0","0"
"42","if (col >= k_end) {","-","-","841","442","841","3473408","111149056","109051904","64","62","2","2","0","-","-","-","0","0","0","0","0","-","0","0","0","0","0","0","0","0","12","0","0","0","0","0","0","0","0","57","86","0","0","0","686","0","0","3","0","0","0","0","0","0","0","0","5","0","0","0","0","434"
"","","0xe1f4bd71e430","      ISETP.LT.U32.AND P0, PT, R12, UR6, PT","298","155","298","1736704","55574528","55574528","32","32","0","0","0","-","-","-","0","0","0","0","0","-","0","0","0","0","0","0","0","0","10","0","0","0","0","0","0","0","0","27","44","0","0","0","217","0","0","3","0","0","0","0","0","0","0","0","4","0","0","0","0","148"
"","","0xe1f4bd71e440","@P0   BRA 0xe1f4bd71e570","543","287","543","1736704","55574528","53477376","32","30","2","2","0","-","-","-","0","0","0","0","0","-","0","0","0","0","0","0","0","0","2","0","0","0","0","0","0","0","0","30","42","0","0","0","469","0","0","0","0","0","0","0","0","0","0","0","1","0","0","0","0","286"
"43","v[(uint64_t)row * kv_heads * VALUE + col - k_end] = qkv[i];","-","-","5772","4803","5772","1114112","35651584","35651584","544","544","2","0","0","Global(2)","Load,Store","32(2)","131072","0","0","524288","524288","","0","0","0","0","0","0","0","1","3","0","0","5454","7","0","0","0","0","11","67","22","0","0","207","0","1","0","0","0","4669","1","0","0","0","0","3","0","14","0","0","115"
"","","0xe1f4bd71e450","      LDCU.128 UR12, c[0x0][0x390]","214","101","214","65536","2097152","2097152","32","32","2","0","0","-","-","-","0","0","0","0","0","-","0","0","0","0","0","0","0","1","0","0","0","0","0","0","0","0","0","0","46","0","0","0","167","0","1","0","0","0","0","0","0","0","0","0","0","0","0","0","0","100"
"","","0xe1f4bd71e460","      LEA R6, P0, R2, UR14, 0x2","25","14","25","65536","2097152","2097152","32","32","0","0","0","-","-","-","0","0","0","0","0","-","0","0","0","0","0","0","0","0","0","0","0","0","0","0","0","0","0","2","1","22","0","0","0","0","0","0","0","0","0","0","0","0","0","0","0","0","14","0","0","0"
"","","0xe1f4bd71e470","      LEA.HI.X R7, R2, UR15, R3, 0x2, P0","6","3","6","65536","2097152","2097152","32","32","0","0","0","-","-","-","0","0","0","0","0","-","0","0","0","0","0","0","0","0","0","0","0","0","0","0","0","0","0","1","0","0","0","0","5","0","0","0","0","0","0","0","0","0","0","0","0","0","0","0","0","3"
"","","0xe1f4bd71e480","      LDG.E R7, desc[UR8][R6.64]","9","2","9","65536","2097152","2097152","32","32","0","0","0","Global","Load","32","65536","0","0","262144","262144","","0","0","0","0","0","0","0","0","0","0","0","0","0","0","0","0","0","1","0","0","0","0","8","0","0","0","0","0","0","0","0","0","0","0","0","0","0","0","0","2"
"","","0xe1f4bd71e490","      MOV R2, R12","2","0","2","65536","2097152","2097152","32","32","0","0","0","-","-","-","0","0","0","0","0","-","0","0","0","0","0","0","0","0","0","0","0","0","0","0","0","0","0","0","2","0","0","0","0","0","0","0","0","0","0","0","0","0","0","0","0","0","0","0","0","0"
"","","0xe1f4bd71e4a0","      MOV R3, R13","2","0","2","65536","2097152","2097152","32","32","0","0","0","-","-","-","0","0","0","0","0","-","0","0","0","0","0","0","0","0","0","0","0","0","0","0","0","0","0","0","2","0","0","0","0","0","0","0","0","0","0","0","0","0","0","0","0","0","0","0","0","0"
"","","0xe1f4bd71e4b0","      UMOV UR4, UR6","1","0","1","65536","2097152","2097152","32","32","0","0","0","-","-","-","0","0","0","0","0","-","0","0","0","0","0","0","0","0","0","0","0","0","0","0","0","0","0","0","1","0","0","0","0","0","0","0","0","0","0","0","0","0","0","0","0","0","0","0","0","0"
"","","0xe1f4bd71e4c0","      UMOV UR5, URZ","3","0","3","65536","2097152","2097152","32","32","0","0","0","-","-","-","0","0","0","0","0","-","0","0","0","0","0","0","0","0","1","0","0","0","0","0","0","0","0","0","2","0","0","0","0","0","0","0","0","0","0","0","0","0","0","0","0","0","0","0","0","0"
"","","0xe1f4bd71e4d0","      IMAD.WIDE.U32 R4, R4, UR7, RZ","1","0","1","65536","2097152","2097152","32","32","0","0","0","-","-","-","0","0","0","0","0","-","0","0","0","0","0","0","0","0","0","0","0","0","0","0","0","0","0","0","1","0","0","0","0","0","0","0","0","0","0","0","0","0","0","0","0","0","0","0","0","0"
"","","0xe1f4bd71e4e0","      IADD.64 R2, R2, -UR4","8","0","8","65536","2097152","2097152","32","32","0","0","0","-","-","-","0","0","0","0","0","-","0","0","0","0","0","0","0","0","0","0","0","0","1","0","0","0","0","1","3","0","0","0","3","0","0","0","0","0","0","0","0","0","0","0","0","0","0","0","0","0"
"","","0xe1f4bd71e4f0","      UMOV UR4, URZ","5","3","5","65536","2097152","2097152","32","32","0","0","0","-","-","-","0","0","0","0","0","-","0","0","0","0","0","0","0","0","0","0","0","0","0","0","0","0","0","0","1","0","0","0","4","0","0","0","0","0","0","0","0","0","0","0","0","0","0","0","0","3"
"","","0xe1f4bd71e500","      IADD R5, R5, UR4","1","0","1","65536","2097152","2097152","32","32","0","0","0","-","-","-","0","0","0","0","0","-","0","0","0","0","0","0","0","0","0","0","0","0","0","0","0","0","0","0","0","0","0","0","1","0","0","0","0","0","0","0","0","0","0","0","0","0","0","0","0","0"
"","","0xe1f4bd71e510","      LEA R0, P0, R4, R2, 0x7","3","0","3","65536","2097152","2097152","32","32","0","0","0","-","-","-","0","0","0","0","0","-","0","0","0","0","0","0","0","0","0","0","0","0","0","0","0","0","0","0","3","0","0","0","0","0","0","0","0","0","0","0","0","0","0","0","0","0","0","0","0","0"
"","","0xe1f4bd71e520","      LEA.HI.X R3, R4, R3, R5, 0x7, P0","14","1","14","65536","2097152","2097152","32","32","0","0","0","-","-","-","0","0","0","0","0","-","0","0","0","0","0","0","0","0","1","0","0","0","4","0","0","0","0","2","0","0","0","0","7","0","0","0","0","0","0","0","0","0","0","0","1","0","0","0","0","0"
"","","0xe1f4bd71e530","      LEA R2, P0, R0, UR12, 0x2","7","4","7","65536","2097152","2097152","32","32","0","0","0","-","-","-","0","0","0","0","0","-","0","0","0","0","0","0","0","0","1","0","0","0","0","0","0","0","0","3","1","0","0","0","2","0","0","0","0","0","0","0","0","0","0","0","2","0","0","0","0","2"
"","","0xe1f4bd71e540","      LEA.HI.X R3, R0, UR13, R3, 0x2, P0","9","3","9","65536","2097152","2097152","32","32","0","0","0","-","-","-","0","0","0","0","0","-","0","0","0","0","0","0","0","0","0","0","0","0","2","0","0","0","0","1","1","0","0","0","5","0","0","0","0","0","0","1","0","0","0","0","0","0","0","0","0","2"
"","","0xe1f4bd71e550","      STG.E desc[UR8][R2.64], R7","5462","4672","5462","65536","2097152","2097152","32","32","0","0","0","Global","Store","32","65536","0","0","262144","262144","","0","0","0","0","0","0","0","0","0","0","0","5454","0","0","0","0","0","0","3","0","0","0","5","0","0","0","0","0","4669","0","0","0","0","0","0","0","0","0","0","3"
"44","return;","-","-","2","0","2","65536","2097152","2097152","32","32","0","0","0","-","-","-","0","0","0","0","0","-","0","0","0","0","0","0","0","0","0","0","0","0","0","0","0","0","0","0","2","0","0","0","0","0","0","0","0","0","0","0","0","0","0","0","0","0","0","0","0","0"
"","","0xe1f4bd71e560","      EXIT","2","0","2","65536","2097152","2097152","32","32","0","0","0","-","-","-","0","0","0","0","0","-","0","0","0","0","0","0","0","0","0","0","0","0","0","0","0","0","0","0","2","0","0","0","0","0","0","0","0","0","0","0","0","0","0","0","0","0","0","0","0","0"
"46","const unsigned dim = col % KEY;","-","-","253","72","253","5013504","160432128","160432128","96","96","0","0","0","-","-","-","0","0","0","0","0","-","0","0","0","0","0","0","0","0","18","0","0","0","10","0","0","0","0","19","123","0","0","0","83","0","0","13","0","0","0","0","0","0","0","0","8","0","0","0","0","51"
"","","0xe1f4bd71e5b0","      IMAD.HI.U32 R0, R12, -0x55555555, RZ","40","0","40","1671168","53477376","53477376","32","32","0","0","0","-","-","-","0","0","0","0","0","-","0","0","0","0","0","0","0","0","1","0","0","0","0","0","0","0","0","0","39","0","0","0","0","0","0","0","0","0","0","0","0","0","0","0","0","0","0","0","0","0"
"","","...","...","-","-","-","-","-","-","-","-","-","-","-","-","-","-","-","-","-","-","-","-","-","-","-","-","-","-","-","-","-","-","-","-","-","-","-","-","-","-","-","-","-","-","-","-","-","-","-","-","-","-","-","-","-","-","-","-","-","-","-","-"
"","","0xe1f4bd71e5f0","      SHF.R.U32.HI R13, RZ, 0x7, R0","128","38","128","1671168","53477376","53477376","32","32","0","0","0","-","-","-","0","0","0","0","0","-","0","0","0","0","0","0","0","0","16","0","0","0","10","0","0","0","0","19","37","0","0","0","46","0","0","12","0","0","0","0","0","0","0","0","8","0","0","0","0","18"
"","","...","...","-","-","-","-","-","-","-","-","-","-","-","-","-","-","-","-","-","-","-","-","-","-","-","-","-","-","-","-","-","-","-","-","-","-","-","-","-","-","-","-","-","-","-","-","-","-","-","-","-","-","-","-","-","-","-","-","-","-","-","-"
"","","0xe1f4bd71e610","      IMAD R12, R13, -0xc0, R12","85","34","85","1671168","53477376","53477376","32","32","0","0","0","-","-","-","0","0","0","0","0","-","0","0","0","0","0","0","0","0","1","0","0","0","0","0","0","0","0","0","47","0","0","0","37","0","0","1","0","0","0","0","0","0","0","0","0","0","0","0","0","33"
"47","float value = qkv[i];","-","-","1814","1022","1814","6684672","213909504","213909504","128","128","0","0","0","Global","Load","32","1671168","0","0","6684672","6684672","","0","0","0","0","0","0","0","110","12","56","0","0","24","0","0","4","146","78","104","912","0","0","368","0","71","4","46","0","0","6","0","0","4","82","6","0","579","0","0","224"
"","","0xe1f4bd71e570","      LDC.64 R8, c[0x0][0x398]","306","199","306","1671168","53477376","53477376","32","32","0","0","0","-","-","-","0","0","0","0","0","-","0","0","0","0","0","0","0","110","2","56","0","0","0","0","0","4","116","6","0","0","0","0","12","0","71","1","46","0","0","0","0","0","4","67","0","0","0","0","0","10"
"","","0xe1f4bd71e580","      LEA R6, P0, R2, R8, 0x2","1030","618","1030","1671168","53477376","53477376","32","32","0","0","0","-","-","-","0","0","0","0","0","-","0","0","0","0","0","0","0","0","4","0","0","0","4","0","0","0","30","10","33","912","0","0","37","0","0","1","0","0","0","1","0","0","0","15","0","0","579","0","0","22"
"","","0xe1f4bd71e590","      LEA.HI.X R7, R2, R9, R3, 0x2, P0","237","86","237","1671168","53477376","53477376","32","32","0","0","0","-","-","-","0","0","0","0","0","-","0","0","0","0","0","0","0","0","5","0","0","0","20","0","0","0","0","34","35","0","0","0","143","0","0","2","0","0","0","5","0","0","0","0","5","0","0","0","0","74"
"","","0xe1f4bd71e5a0","      LDG.E R17, desc[UR8][R6.64]","241","119","241","1671168","53477376","53477376","32","32","0","0","0","Global","Load","32","1671168","0","0","6684672","6684672","","0","0","0","0","0","0","0","0","1","0","0","0","0","0","0","0","0","28","36","0","0","0","176","0","0","0","0","0","0","0","0","0","0","0","1","0","0","0","0","118"
"48","if (dim < ROTARY) {","-","-","298","61","298","3342336","106954752","89128960","64","53","9","11","0","-","-","-","0","0","0","0","0","-","0","0","0","0","0","0","0","0","0","0","0","0","0","0","0","0","0","33","85","0","0","0","180","0","0","0","0","0","0","0","0","0","0","0","5","0","0","0","0","56"
"","","0xe1f4bd71e620","      ISETP.GT.U32.AND P1, PT, R12, 0x3f, PT","254","61","254","1671168","53477376","53477376","32","32","0","0","0","-","-","-","0","0","0","0","0","-","0","0","0","0","0","0","0","0","0","0","0","0","0","0","0","0","0","33","41","0","0","0","180","0","0","0","0","0","0","0","0","0","0","0","5","0","0","0","0","56"
"","","...","...","-","-","-","-","-","-","-","-","-","-","-","-","-","-","-","-","-","-","-","-","-","-","-","-","-","-","-","-","-","-","-","-","-","-","-","-","-","-","-","-","-","-","-","-","-","-","-","-","-","-","-","-","-","-","-","-","-","-","-","-"
"","","0xe1f4bd71e690","@P1   BRA 0xe1f4bd71e810","44","0","44","1671168","53477376","35651584","32","21","9","11","0","-","-","-","0","0","0","0","0","-","0","0","0","0","0","0","0","0","0","0","0","0","0","0","0","0","0","0","44","0","0","0","0","0","0","0","0","0","0","0","0","0","0","0","0","0","0","0","0","0"
"49","const unsigned pair = dim % (ROTARY / 2);","-","-","9","0","9","557056","17825792","17825792","32","32","0","0","0","-","-","-","0","0","0","0","0","-","0","0","0","0","0","0","0","0","0","0","0","0","0","0","0","0","0","0","9","0","0","0","0","0","0","0","0","0","0","0","0","0","0","0","0","0","0","0","0","0"
"","","0xe1f4bd71e6d0","      LOP3.LUT R14, R12, 0x1f, RZ, 0xc0, !PT","9","0","9","557056","17825792","17825792","32","32","0","0","0","-","-","-","0","0","0","0","0","-","0","0","0","0","0","0","0","0","0","0","0","0","0","0","0","0","0","0","9","0","0","0","0","0","0","0","0","0","0","0","0","0","0","0","0","0","0","0","0","0"
"50","const uint64_t first = i - dim + pair;","-","-","377","145","377","2228224","71303168","71303168","128","128","11","0","0","-","-","-","0","0","0","0","0","-","0","0","0","0","0","0","0","3","1","0","0","0","16","0","0","0","0","12","92","0","0","0","253","0","1","0","0","0","0","7","0","0","0","0","0","0","0","0","0","137"
"","","0xe1f4bd71e6a0","      HFMA2 R13, -RZ, RZ, 0, 0","257","110","257","557056","17825792","17825792","32","32","11","0","0","-","-","-","0","0","0","0","0","-","0","0","0","0","0","0","0","3","1","0","0","0","2","0","0","0","0","2","43","0","0","0","206","0","1","0","0","0","0","1","0","0","0","0","0","0","0","0","0","108"
"","","...","...","-","-","-","-","-","-","-","-","-","-","-","-","-","-","-","-","-","-","-","-","-","-","-","-","-","-","-","-","-","-","-","-","-","-","-","-","-","-","-","-","-","-","-","-","-","-","-","-","-","-","-","-","-","-","-","-","-","-","-","-"
"","","0xe1f4bd71e6f0","      IADD.64 R2, R2, -R12","33","4","33","557056","17825792","17825792","32","32","0","0","0","-","-","-","0","0","0","0","0","-","0","0","0","0","0","0","0","0","0","0","0","0","10","0","0","0","0","5","18","0","0","0","0","0","0","0","0","0","0","4","0","0","0","0","0","0","0","0","0","0"
"","","...","...","-","-","-","-","-","-","-","-","-","-","-","-","-","-","-","-","-","-","-","-","-","-","-","-","-","-","-","-","-","-","-","-","-","-","-","-","-","-","-","-","-","-","-","-","-","-","-","-","-","-","-","-","-","-","-","-","-","-","-","-"
"","","0xe1f4bd71e710","      MOV R15, RZ","15","0","15","557056","17825792","17825792","32","32","0","0","0","-","-","-","0","0","0","0","0","-","0","0","0","0","0","0","0","0","0","0","0","0","0","0","0","0","0","0","15","0","0","0","0","0","0","0","0","0","0","0","0","0","0","0","0","0","0","0","0","0"
"","","...","...","-","-","-","-","-","-","-","-","-","-","-","-","-","-","-","-","-","-","-","-","-","-","-","-","-","-","-","-","-","-","-","-","-","-","-","-","-","-","-","-","-","-","-","-","-","-","-","-","-","-","-","-","-","-","-","-","-","-","-","-"
"","","0xe1f4bd71e730","      IADD.64 R2, R2, R14","72","31","72","557056","17825792","17825792","32","32","0","0","0","-","-","-","0","0","0","0","0","-","0","0","0","0","0","0","0","0","0","0","0","0","4","0","0","0","0","5","16","0","0","0","47","0","0","0","0","0","0","2","0","0","0","0","0","0","0","0","0","29"
"51","const float2 cs = table[(uint64_t)row * (ROTARY / 2) + pair];","-","-","266","96","266","5013504","160432128","160432128","288","288","0","0","0","Global","Load","64","1114112","0","0","4456448","4456448","","0","0","0","0","0","0","0","0","7","0","0","0","13","0","0","0","0","22","106","0","0","0","118","0","0","0","0","0","0","3","0","0","0","0","3","0","0","0","0","90"
"","","0xe1f4bd71e6b0","      IMAD.SHL.U32 R15, R4, 0x100, RZ","26","6","26","557056","17825792","17825792","32","32","0","0","0","-","-","-","0","0","0","0","0","-","0","0","0","0","0","0","0","0","2","0","0","0","0","0","0","0","0","1","12","0","0","0","11","0","0","0","0","0","0","0","0","0","0","0","0","0","0","0","0","6"
"","","0xe1f4bd71e6c0","      LDCU.64 UR4, c[0x0][0x3a0]","17","0","17","557056","17825792","17825792","32","32","0","0","0","-","-","-","0","0","0","0","0","-","0","0","0","0","0","0","0","0","1","0","0","0","0","0","0","0","0","0","16","0","0","0","0","0","0","0","0","0","0","0","0","0","0","0","0","0","0","0","0","0"
"","","...","...","-","-","-","-","-","-","-","-","-","-","-","-","-","-","-","-","-","-","-","-","-","-","-","-","-","-","-","-","-","-","-","-","-","-","-","-","-","-","-","-","-","-","-","-","-","-","-","-","-","-","-","-","-","-","-","-","-","-","-","-"
"","","0xe1f4bd71e6e0","      IMAD.SHL.U32 R0, R12, 0x8, RZ","7","0","7","557056","17825792","17825792","32","32","0","0","0","-","-","-","0","0","0","0","0","-","0","0","0","0","0","0","0","0","0","0","0","0","0","0","0","0","0","0","7","0","0","0","0","0","0","0","0","0","0","0","0","0","0","0","0","0","0","0","0","0"
"","","...","...","-","-","-","-","-","-","-","-","-","-","-","-","-","-","-","-","-","-","-","-","-","-","-","-","-","-","-","-","-","-","-","-","-","-","-","-","-","-","-","-","-","-","-","-","-","-","-","-","-","-","-","-","-","-","-","-","-","-","-","-"
"","","0xe1f4bd71e700","      LOP3.LUT R13, R15, 0xffffff00, RZ, 0xc0, !PT","57","20","57","557056","17825792","17825792","32","32","0","0","0","-","-","-","0","0","0","0","0","-","0","0","0","0","0","0","0","0","1","0","0","0","8","0","0","0","0","15","13","0","0","0","20","0","0","0","0","0","0","2","0","0","0","0","2","0","0","0","0","16"
"","","...","...","-","-","-","-","-","-","-","-","-","-","-","-","-","-","-","-","-","-","-","-","-","-","-","-","-","-","-","-","-","-","-","-","-","-","-","-","-","-","-","-","-","-","-","-","-","-","-","-","-","-","-","-","-","-","-","-","-","-","-","-"
"","","0xe1f4bd71e720","      SHF.L.U64.HI R16, R4, 0x8, R5","17","0","17","557056","17825792","17825792","32","32","0","0","0","-","-","-","0","0","0","0","0","-","0","0","0","0","0","0","0","0","0","0","0","0","0","0","0","0","0","0","17","0","0","0","0","0","0","0","0","0","0","0","0","0","0","0","0","0","0","0","0","0"
"","","...","...","-","-","-","-","-","-","-","-","-","-","-","-","-","-","-","-","-","-","-","-","-","-","-","-","-","-","-","-","-","-","-","-","-","-","-","-","-","-","-","-","-","-","-","-","-","-","-","-","-","-","-","-","-","-","-","-","-","-","-","-"
"","","0xe1f4bd71e740","      LOP3.LUT R14, R13, 0xf8, R0, 0xf8, !PT","53","30","53","557056","17825792","17825792","32","32","0","0","0","-","-","-","0","0","0","0","0","-","0","0","0","0","0","0","0","0","1","0","0","0","4","0","0","0","0","5","10","0","0","0","33","0","0","0","0","0","0","1","0","0","0","0","1","0","0","0","0","28"
"","","0xe1f4bd71e750","      LOP3.LUT R15, R16, 0xff, RZ, 0xc0, !PT","20","5","20","557056","17825792","17825792","32","32","0","0","0","-","-","-","0","0","0","0","0","-","0","0","0","0","0","0","0","0","2","0","0","0","1","0","0","0","0","0","10","0","0","0","7","0","0","0","0","0","0","0","0","0","0","0","0","0","0","0","0","5"
"","","...","...","-","-","-","-","-","-","-","-","-","-","-","-","-","-","-","-","-","-","-","-","-","-","-","-","-","-","-","-","-","-","-","-","-","-","-","-","-","-","-","-","-","-","-","-","-","-","-","-","-","-","-","-","-","-","-","-","-","-","-","-"
"","","0xe1f4bd71e780","      IADD.64 R2, R14, UR4","10","0","10","557056","17825792","17825792","32","32","0","0","0","-","-","-","0","0","0","0","0","-","0","0","0","0","0","0","0","0","0","0","0","0","0","0","0","0","0","0","10","0","0","0","0","0","0","0","0","0","0","0","0","0","0","0","0","0","0","0","0","0"
"","","...","...","-","-","-","-","-","-","-","-","-","-","-","-","-","-","-","-","-","-","-","-","-","-","-","-","-","-","-","-","-","-","-","-","-","-","-","-","-","-","-","-","-","-","-","-","-","-","-","-","-","-","-","-","-","-","-","-","-","-","-","-"
"","","0xe1f4bd71e7a0","      LDG.E.64 R2, desc[UR8][R2.64]","59","35","59","557056","17825792","17825792","32","32","0","0","0","Global","Load","64","1114112","0","0","4456448","4456448","","0","0","0","0","0","0","0","0","0","0","0","0","0","0","0","0","0","1","11","0","0","0","47","0","0","0","0","0","0","0","0","0","0","0","0","0","0","0","0","35"
"52","const float a = qkv[first], b = qkv[first + ROTARY / 2];","-","-","204","102","204","2228224","71303168","71303168","128","128","0","0","0","Global(2)","Load(2)","32(2)","1114112","0","0","4456448","4456448","","0","0","0","0","0","0","0","0","5","0","0","0","4","0","0","0","0","8","54","0","0","0","133","0","0","3","0","0","0","2","0","0","0","0","1","0","0","0","0","96"
"","","0xe1f4bd71e760","      LEA R8, P1, R2, R8, 0x2","37","16","37","557056","17825792","17825792","32","32","0","0","0","-","-","-","0","0","0","0","0","-","0","0","0","0","0","0","0","0","2","0","0","0","2","0","0","0","0","0","18","0","0","0","15","0","0","2","0","0","0","1","0","0","0","0","0","0","0","0","0","13"
"","","0xe1f4bd71e770","      LEA.HI.X R9, R2, R9, R3, 0x2, P1","69","31","69","557056","17825792","17825792","32","32","0","0","0","-","-","-","0","0","0","0","0","-","0","0","0","0","0","0","0","0","3","0","0","0","2","0","0","0","0","2","21","0","0","0","41","0","0","1","0","0","0","1","0","0","0","0","1","0","0","0","0","28"
"","","...","...","-","-","-","-","-","-","-","-","-","-","-","-","-","-","-","-","-","-","-","-","-","-","-","-","-","-","-","-","-","-","-","-","-","-","-","-","-","-","-","-","-","-","-","-","-","-","-","-","-","-","-","-","-","-","-","-","-","-","-","-"
"","","0xe1f4bd71e790","      LDG.E R0, desc[UR8][R8.64+0x80]","45","22","45","557056","17825792","17825792","32","32","0","0","0","Global","Load","32","557056","0","0","2228224","2228224","","0","0","0","0","0","0","0","0","0","0","0","0","0","0","0","0","0","5","7","0","0","0","33","0","0","0","0","0","0","0","0","0","0","0","0","0","0","0","0","22"
"","","...","...","-","-","-","-","-","-","-","-","-","-","-","-","-","-","-","-","-","-","-","-","-","-","-","-","-","-","-","-","-","-","-","-","-","-","-","-","-","-","-","-","-","-","-","-","-","-","-","-","-","-","-","-","-","-","-","-","-","-","-","-"
"","","0xe1f4bd71e7b0","      LDG.E R13, desc[UR8][R8.64]","53","33","53","557056","17825792","17825792","32","32","0","0","0","Global","Load","32","557056","0","0","2228224","2228224","","0","0","0","0","0","0","0","0","0","0","0","0","0","0","0","0","0","1","8","0","0","0","44","0","0","0","0","0","0","0","0","0","0","0","0","0","0","0","0","33"
"53","value = dim < ROTARY / 2 ? a * cs.x - b * cs.y : b * cs.x + a * cs.y;","-","-","65853","56693","65853","6127616","196083712","160432128","224","160","32","64","0","-","-","-","0","0","0","0","0","-","0","0","0","0","0","0","0","84","1","0","0","65200","0","0","0","0","66","22","142","0","0","0","338","0","43","0","0","0","56366","0","0","0","0","39","2","0","0","0","0","243"
"","","0xe1f4bd71e7c0","      ISETP.GT.U32.AND P1, PT, R12, 0x1f, PT","14","0","14","557056","17825792","17825792","32","32","0","0","0","-","-","-","0","0","0","0","0","-","0","0","0","0","0","0","0","0","0","0","0","0","0","0","0","0","0","0","14","0","0","0","0","0","0","0","0","0","0","0","0","0","0","0","0","0","0","0","0","0"
"","","0xe1f4bd71e7d0","@!P1  FMUL.FTZ R17, R3, R0","64825","56014","64825","557056","17825792","8912896","32","16","16","16","0","-","-","-","0","0","0","0","0","-","0","0","0","0","0","0","0","0","0","0","0","64620","0","0","0","0","0","5","13","0","0","0","187","0","0","0","0","0","55880","0","0","0","0","0","0","0","0","0","0","134"
"","","0xe1f4bd71e7e0","@P1   FMUL.FTZ R0, R2, R0","16","0","16","557056","17825792","8912896","32","16","0","16","0","-","-","-","0","0","0","0","0","-","0","0","0","0","0","0","0","0","0","0","0","0","0","0","0","0","0","0","16","0","0","0","0","0","0","0","0","0","0","0","0","0","0","0","0","0","0","0","0","0"
"","","0xe1f4bd71e7f0","@!P1  FFMA.FTZ R17, R2, R13, -R17","638","513","638","557056","17825792","8912896","32","16","0","16","0","-","-","-","0","0","0","0","0","-","0","0","0","0","0","0","0","0","0","0","0","580","0","0","0","0","0","4","19","0","0","0","35","0","0","0","0","0","486","0","0","0","0","0","1","0","0","0","0","26"
"","","0xe1f4bd71e800","@P1   FFMA.FTZ R17, R3, R13, R0","12","0","12","557056","17825792","8912896","32","16","0","16","0","-","-","-","0","0","0","0","0","-","0","0","0","0","0","0","0","0","0","0","0","0","0","0","0","0","0","0","12","0","0","0","0","0","0","0","0","0","0","0","0","0","0","0","0","0","0","0","0","0"
"","","0xe1f4bd71e810","      NOP","299","166","299","1671168","53477376","53477376","32","32","16","0","0","-","-","-","0","0","0","0","0","-","0","0","0","0","0","0","0","84","1","0","0","0","0","0","0","0","66","13","19","0","0","0","116","0","43","0","0","0","0","0","0","0","0","39","1","0","0","0","0","83"
"","","0xe1f4bd71e820","      BSYNC.RECONVERGENT B0","49","0","49","1671168","53477376","53477376","32","32","0","0","0","-","-","-","0","0","0","0","0","-","0","0","0","0","0","0","0","0","0","0","0","0","0","0","0","0","0","0","49","0","0","0","0","0","0","0","0","0","0","0","0","0","0","0","0","0","0","0","0","0"
"55","if (col < q_end) {","-","-","612","184","612","5013504","160432128","160432128","96","96","0","0","0","-","-","-","0","0","0","0","0","-","0","0","0","0","0","0","0","0","15","0","0","304","19","0","0","0","0","71","114","0","0","0","89","0","0","3","0","0","129","5","0","0","0","0","0","0","0","0","0","47"
"","","0xe1f4bd71e5d0","      MOV R6, R12","402","131","402","1671168","53477376","53477376","32","32","0","0","0","-","-","-","0","0","0","0","0","-","0","0","0","0","0","0","0","0","6","0","0","304","0","0","0","0","0","48","44","0","0","0","0","0","0","2","0","0","129","0","0","0","0","0","0","0","0","0","0","0"
"","","0xe1f4bd71e5e0","      MOV R7, R13","43","0","43","1671168","53477376","53477376","32","32","0","0","0","-","-","-","0","0","0","0","0","-","0","0","0","0","0","0","0","0","3","0","0","0","0","0","0","0","0","0","40","0","0","0","0","0","0","0","0","0","0","0","0","0","0","0","0","0","0","0","0","0"
"","","...","...","-","-","-","-","-","-","-","-","-","-","-","-","-","-","-","-","-","-","-","-","-","-","-","-","-","-","-","-","-","-","-","-","-","-","-","-","-","-","-","-","-","-","-","-","-","-","-","-","-","-","-","-","-","-","-","-","-","-","-","-"
"","","0xe1f4bd71e600","      ISETP.GT.U64.AND P0, PT, R6, 0x2fff, PT","167","53","167","1671168","53477376","53477376","32","32","0","0","0","-","-","-","0","0","0","0","0","-","0","0","0","0","0","0","0","0","6","0","0","0","19","0","0","0","0","23","30","0","0","0","89","0","0","1","0","0","0","5","0","0","0","0","0","0","0","0","0","47"
"56","q[(uint64_t)row * q_end + col] = value;","-","-","93738","79127","93738","15040512","481296384","456130560","288","272","4","16","0","Global","Store","32","1572864","0","0","6291456","6291456","","0","0","0","0","0","0","0","384","92","0","0","91405","63","0","0","0","0","96","368","587","0","0","743","0","240","39","0","0","78060","32","0","0","0","0","6","0","363","0","0","387"
"","","0xe1f4bd71e5c0","      BSSY.RECONVERGENT B0, 0xe1f4bd71e830","47","0","47","1671168","53477376","53477376","32","32","0","0","0","-","-","-","0","0","0","0","0","-","0","0","0","0","0","0","0","0","2","0","0","0","0","0","0","0","0","0","45","0","0","0","0","0","0","0","0","0","0","0","0","0","0","0","0","0","0","0","0","0"
"","","...","...","-","-","-","-","-","-","-","-","-","-","-","-","-","-","-","-","-","-","-","-","-","-","-","-","-","-","-","-","-","-","-","-","-","-","-","-","-","-","-","-","-","-","-","-","-","-","-","-","-","-","-","-","-","-","-","-","-","-","-","-"
"","","0xe1f4bd71e630","@!P0  LDC.64 R18, c[0x0][0x380]","325","147","325","1671168","53477376","50331648","32","30","2","2","0","-","-","-","0","0","0","0","0","-","0","0","0","0","0","0","0","0","4","0","0","0","0","0","0","0","0","19","31","0","0","0","271","0","0","1","0","0","0","0","0","0","0","0","1","0","0","0","0","145"
"","","0xe1f4bd71e640","@!P0  MOV R11, RZ","45","0","45","1671168","53477376","50331648","32","30","0","2","0","-","-","-","0","0","0","0","0","-","0","0","0","0","0","0","0","0","1","0","0","0","0","0","0","0","0","0","44","0","0","0","0","0","0","0","0","0","0","0","0","0","0","0","0","0","0","0","0","0"
"","","0xe1f4bd71e650","@!P0  IMAD.WIDE.U32 R14, R4, 0x3000, R6","88","23","88","1671168","53477376","50331648","32","30","0","2","0","-","-","-","0","0","0","0","0","-","0","0","0","0","0","0","0","0","3","0","0","0","44","0","0","0","0","6","35","0","0","0","0","0","0","1","0","0","0","22","0","0","0","0","0","0","0","0","0","0"
"","","0xe1f4bd71e660","@!P0  IADD R0, R15, R11","303","104","303","1671168","53477376","50331648","32","30","0","2","0","-","-","-","0","0","0","0","0","-","0","0","0","0","0","0","0","0","70","0","0","0","0","0","0","0","0","25","46","0","0","0","162","0","0","32","0","0","0","0","0","0","0","0","2","0","0","0","0","70"
"","","0xe1f4bd71e670","@!P0  LEA R10, P2, R14, R18, 0x2","654","372","654","1671168","53477376","50331648","32","30","0","2","0","-","-","-","0","0","0","0","0","-","0","0","0","0","0","0","0","0","6","0","0","0","8","0","0","0","0","17","36","587","0","0","0","0","0","3","0","0","0","5","0","0","0","0","1","0","363","0","0","0"
"","","0xe1f4bd71e680","@!P0  LEA.HI.X R11, R14, R19, R0, 0x2, P2","195","81","195","1671168","53477376","50331648","32","30","0","2","0","-","-","-","0","0","0","0","0","-","0","0","0","0","0","0","0","0","1","0","0","0","11","0","0","0","0","25","33","0","0","0","125","0","0","0","0","0","0","5","0","0","0","0","2","0","0","0","0","74"
"","","...","...","-","-","-","-","-","-","-","-","-","-","-","-","-","-","-","-","-","-","-","-","-","-","-","-","-","-","-","-","-","-","-","-","-","-","-","-","-","-","-","-","-","-","-","-","-","-","-","-","-","-","-","-","-","-","-","-","-","-","-","-"
"","","0xe1f4bd71e830","@!P0  STG.E desc[UR8][R10.64], R17","92028","78400","92028","1671168","53477376","50331648","32","30","2","2","0","Global","Store","32","1572864","0","0","6291456","6291456","","0","0","0","0","0","0","0","384","3","0","0","91405","0","0","0","0","0","4","47","0","0","0","185","0","240","2","0","0","78060","0","0","0","0","0","0","0","0","0","0","98"
"","","0xe1f4bd71e840","@!P0  EXIT","53","0","53","1671168","53477376","50331648","32","30","0","2","0","-","-","-","0","0","0","0","0","-","0","0","0","0","0","0","0","0","2","0","0","0","0","0","0","0","0","0","51","0","0","0","0","0","0","0","0","0","0","0","0","0","0","0","0","0","0","0","0","0"
"58","k[(uint64_t)row * kv_heads * KEY + col - q_end] = value;","-","-","1987","1602","1987","983040","31457280","31457280","320","320","2","0","0","Global","Store","32","98304","0","0","393216","393216","","0","0","0","0","0","0","0","343","7","1265","0","0","2","0","0","35","0","7","64","0","0","0","264","0","273","4","1077","0","0","1","0","0","35","0","0","0","0","0","0","212"
"","","0xe1f4bd71e850","      LDCU.64 UR10, c[0x0][0x388]","1880","1550","1880","98304","3145728","3145728","32","32","2","0","0","-","-","-","0","0","0","0","0","-","0","0","0","0","0","0","0","343","0","1265","0","0","0","0","0","35","0","0","36","0","0","0","201","0","273","0","1077","0","0","0","0","0","35","0","0","0","0","0","0","165"
"","","0xe1f4bd71e860","      IMAD.WIDE.U32 R4, R4, UR7, RZ","2","0","2","98304","3145728","3145728","32","32","0","0","0","-","-","-","0","0","0","0","0","-","0","0","0","0","0","0","0","0","0","0","0","0","0","0","0","0","0","0","2","0","0","0","0","0","0","0","0","0","0","0","0","0","0","0","0","0","0","0","0","0"
"","","0xe1f4bd71e870","      UMOV UR4, URZ","2","0","2","98304","3145728","3145728","32","32","0","0","0","-","-","-","0","0","0","0","0","-","0","0","0","0","0","0","0","0","0","0","0","0","0","0","0","0","0","0","2","0","0","0","0","0","0","0","0","0","0","0","0","0","0","0","0","0","0","0","0","0"
"","","0xe1f4bd71e880","      IADD R3, R5, UR4","20","10","20","98304","3145728","3145728","32","32","0","0","0","-","-","-","0","0","0","0","0","-","0","0","0","0","0","0","0","0","5","0","0","0","0","0","0","0","0","1","4","0","0","0","10","0","0","2","0","0","0","0","0","0","0","0","0","0","0","0","0","8"
"","","0xe1f4bd71e890","      IMAD.WIDE.U32 R6, R4, 0xc0, R6","4","1","4","98304","3145728","3145728","32","32","0","0","0","-","-","-","0","0","0","0","0","-","0","0","0","0","0","0","0","0","0","0","0","0","1","0","0","0","0","0","3","0","0","0","0","0","0","0","0","0","0","1","0","0","0","0","0","0","0","0","0","0"
"","","0xe1f4bd71e8a0","      IMAD R3, R3, 0xc0, RZ","20","12","20","98304","3145728","3145728","32","32","0","0","0","-","-","-","0","0","0","0","0","-","0","0","0","0","0","0","0","0","1","0","0","0","1","0","0","0","0","2","3","0","0","0","13","0","0","1","0","0","0","0","0","0","0","0","0","0","0","0","0","11"
"","","0xe1f4bd71e8b0","      IADD R3, R7, R3","29","17","29","98304","3145728","3145728","32","32","0","0","0","-","-","-","0","0","0","0","0","-","0","0","0","0","0","0","0","0","0","0","0","0","0","0","0","0","0","1","4","0","0","0","24","0","0","0","0","0","0","0","0","0","0","0","0","0","0","0","0","17"
"","","0xe1f4bd71e8c0","      LEA R2, P0, R6, UR10, 0x2","3","1","3","98304","3145728","3145728","32","32","0","0","0","-","-","-","0","0","0","0","0","-","0","0","0","0","0","0","0","0","1","0","0","0","0","0","0","0","0","1","1","0","0","0","0","0","0","1","0","0","0","0","0","0","0","0","0","0","0","0","0","0"
"","","0xe1f4bd71e8d0","      LEA.HI.X R3, R6, UR11, R3, 0x2, P0","10","3","10","98304","3145728","3145728","32","32","0","0","0","-","-","-","0","0","0","0","0","-","0","0","0","0","0","0","0","0","0","0","0","0","0","0","0","0","0","2","3","0","0","0","5","0","0","0","0","0","0","0","0","0","0","0","0","0","0","0","0","3"
"","","0xe1f4bd71e8e0","      STG.E desc[UR8][R2.64+-0xc000], R17","17","8","17","98304","3145728","3145728","32","32","0","0","0","Global","Store","32","98304","0","0","393216","393216","","0","0","0","0","0","0","0","0","0","0","0","0","0","0","0","0","0","0","6","0","0","0","11","0","0","0","0","0","0","0","0","0","0","0","0","0","0","0","0","8"
"60","}","-","-","133","104","133","98304","3145728","3145728","32","32","32","1856","0","-","-","-","0","0","0","0","0","-","0","0","0","0","0","0","0","26","0","89","0","0","0","0","0","1","0","0","3","0","0","0","14","0","21","0","73","0","0","0","0","0","1","0","0","0","0","0","0","9"
"","","0xe1f4bd71e8f0","      EXIT","1","0","1","98304","3145728","3145728","32","32","0","0","0","-","-","-","0","0","0","0","0","-","0","0","0","0","0","0","0","0","0","0","0","0","0","0","0","0","0","0","1","0","0","0","0","0","0","0","0","0","0","0","0","0","0","0","0","0","0","0","0","0"
"","","0xe1f4bd71e900","      UMOV UR4, UR6","132","104","132","0","0","0","0","0","32","32","0","-","-","-","0","0","0","0","0","-","0","0","0","0","0","0","0","26","0","89","0","0","0","0","0","1","0","0","2","0","0","0","14","0","21","0","73","0","0","0","0","0","1","0","0","0","0","0","0","9"
"","","0xe1f4bd71e910","      UMOV UR5, URZ","0","0","0","0","0","0","0","0","0","32","0","-","-","-","0","0","0","0","0","-","0","0","0","0","0","0","0","0","0","0","0","0","0","0","0","0","0","0","0","0","0","0","0","0","0","0","0","0","0","0","0","0","0","0","0","0","0","0","0","0"
"","","0xe1f4bd71e920","      I2F.U64.RP R8, UR4","0","0","0","0","0","0","0","0","0","32","0","-","-","-","0","0","0","0","0","-","0","0","0","0","0","0","0","0","0","0","0","0","0","0","0","0","0","0","0","0","0","0","0","0","0","0","0","0","0","0","0","0","0","0","0","0","0","0","0","0"
"","","0xe1f4bd71e930","      MUFU.RCP R8, R8","0","0","0","0","0","0","0","0","0","32","0","-","-","-","0","0","0","0","0","-","0","0","0","0","0","0","0","0","0","0","0","0","0","0","0","0","0","0","0","0","0","0","0","0","0","0","0","0","0","0","0","0","0","0","0","0","0","0","0","0"
"","","0xe1f4bd71e940","      IADD R4, R8, 0x1ffffffe","0","0","0","0","0","0","0","0","0","32","0","-","-","-","0","0","0","0","0","-","0","0","0","0","0","0","0","0","0","0","0","0","0","0","0","0","0","0","0","0","0","0","0","0","0","0","0","0","0","0","0","0","0","0","0","0","0","0","0","0"
"","","0xe1f4bd71e950","      NOP","0","0","0","0","0","0","0","0","0","32","0","-","-","-","0","0","0","0","0","-","0","0","0","0","0","0","0","0","0","0","0","0","0","0","0","0","0","0","0","0","0","0","0","0","0","0","0","0","0","0","0","0","0","0","0","0","0","0","0","0"
"","","0xe1f4bd71e960","      NOP","0","0","0","0","0","0","0","0","0","32","0","-","-","-","0","0","0","0","0","-","0","0","0","0","0","0","0","0","0","0","0","0","0","0","0","0","0","0","0","0","0","0","0","0","0","0","0","0","0","0","0","0","0","0","0","0","0","0","0","0"
"","","0xe1f4bd71e970","      NOP","0","0","0","0","0","0","0","0","0","32","0","-","-","-","0","0","0","0","0","-","0","0","0","0","0","0","0","0","0","0","0","0","0","0","0","0","0","0","0","0","0","0","0","0","0","0","0","0","0","0","0","0","0","0","0","0","0","0","0","0"
"","","0xe1f4bd71e980","      F2I.U64.TRUNC R4, R4","0","0","0","0","0","0","0","0","0","32","0","-","-","-","0","0","0","0","0","-","0","0","0","0","0","0","0","0","0","0","0","0","0","0","0","0","0","0","0","0","0","0","0","0","0","0","0","0","0","0","0","0","0","0","0","0","0","0","0","0"
"","","0xe1f4bd71e990","      IMAD.WIDE.U32 R6, R4, UR6, RZ","0","0","0","0","0","0","0","0","0","32","0","-","-","-","0","0","0","0","0","-","0","0","0","0","0","0","0","0","0","0","0","0","0","0","0","0","0","0","0","0","0","0","0","0","0","0","0","0","0","0","0","0","0","0","0","0","0","0","0","0"
"","","0xe1f4bd71e9a0","      IMAD R7, R5, UR6, R7","0","0","0","0","0","0","0","0","0","32","0","-","-","-","0","0","0","0","0","-","0","0","0","0","0","0","0","0","0","0","0","0","0","0","0","0","0","0","0","0","0","0","0","0","0","0","0","0","0","0","0","0","0","0","0","0","0","0","0","0"
"","","0xe1f4bd71e9b0","      IADD R9, P0, RZ, -R6","0","0","0","0","0","0","0","0","0","32","0","-","-","-","0","0","0","0","0","-","0","0","0","0","0","0","0","0","0","0","0","0","0","0","0","0","0","0","0","0","0","0","0","0","0","0","0","0","0","0","0","0","0","0","0","0","0","0","0","0"
"","","0xe1f4bd71e9c0","      IADD.X R11, RZ, ~R7, P0","0","0","0","0","0","0","0","0","0","32","0","-","-","-","0","0","0","0","0","-","0","0","0","0","0","0","0","0","0","0","0","0","0","0","0","0","0","0","0","0","0","0","0","0","0","0","0","0","0","0","0","0","0","0","0","0","0","0","0","0"
"","","0xe1f4bd71e9d0","      IMAD.HI.U32 R6, R4, R9, RZ","0","0","0","0","0","0","0","0","0","32","0","-","-","-","0","0","0","0","0","-","0","0","0","0","0","0","0","0","0","0","0","0","0","0","0","0","0","0","0","0","0","0","0","0","0","0","0","0","0","0","0","0","0","0","0","0","0","0","0","0"
"","","0xe1f4bd71e9e0","      MOV R7, R4","0","0","0","0","0","0","0","0","0","32","0","-","-","-","0","0","0","0","0","-","0","0","0","0","0","0","0","0","0","0","0","0","0","0","0","0","0","0","0","0","0","0","0","0","0","0","0","0","0","0","0","0","0","0","0","0","0","0","0","0"
"","","0xe1f4bd71e9f0","      IMAD R13, R5, R11, RZ","0","0","0","0","0","0","0","0","0","32","0","-","-","-","0","0","0","0","0","-","0","0","0","0","0","0","0","0","0","0","0","0","0","0","0","0","0","0","0","0","0","0","0","0","0","0","0","0","0","0","0","0","0","0","0","0","0","0","0","0"
"","","0xe1f4bd71ea00","      IMAD.WIDE.U32 R6, P0, R4, R11, R6","0","0","0","0","0","0","0","0","0","32","0","-","-","-","0","0","0","0","0","-","0","0","0","0","0","0","0","0","0","0","0","0","0","0","0","0","0","0","0","0","0","0","0","0","0","0","0","0","0","0","0","0","0","0","0","0","0","0","0","0"
"","","0xe1f4bd71ea10","      IMAD.HI.U32 R11, R5, R11, RZ","0","0","0","0","0","0","0","0","0","32","0","-","-","-","0","0","0","0","0","-","0","0","0","0","0","0","0","0","0","0","0","0","0","0","0","0","0","0","0","0","0","0","0","0","0","0","0","0","0","0","0","0","0","0","0","0","0","0","0","0"
"","","0xe1f4bd71ea20","      IMAD.HI.U32 R6, P1, R5, R9, R6","0","0","0","0","0","0","0","0","0","32","0","-","-","-","0","0","0","0","0","-","0","0","0","0","0","0","0","0","0","0","0","0","0","0","0","0","0","0","0","0","0","0","0","0","0","0","0","0","0","0","0","0","0","0","0","0","0","0","0","0"
"","","0xe1f4bd71ea30","      IADD R7, P2, R13, R6","0","0","0","0","0","0","0","0","0","32","0","-","-","-","0","0","0","0","0","-","0","0","0","0","0","0","0","0","0","0","0","0","0","0","0","0","0","0","0","0","0","0","0","0","0","0","0","0","0","0","0","0","0","0","0","0","0","0","0","0"
"","","0xe1f4bd71ea40","      IADD.X R6, R11, R5, P0","0","0","0","0","0","0","0","0","0","32","0","-","-","-","0","0","0","0","0","-","0","0","0","0","0","0","0","0","0","0","0","0","0","0","0","0","0","0","0","0","0","0","0","0","0","0","0","0","0","0","0","0","0","0","0","0","0","0","0","0"
"","","0xe1f4bd71ea50","      IMAD.WIDE.U32 R4, R7, UR6, RZ","0","0","0","0","0","0","0","0","0","32","0","-","-","-","0","0","0","0","0","-","0","0","0","0","0","0","0","0","0","0","0","0","0","0","0","0","0","0","0","0","0","0","0","0","0","0","0","0","0","0","0","0","0","0","0","0","0","0","0","0"
"","","0xe1f4bd71ea60","      IADD3.X R9, PT, PT, RZ, RZ, R6, P2, P1","0","0","0","0","0","0","0","0","0","32","0","-","-","-","0","0","0","0","0","-","0","0","0","0","0","0","0","0","0","0","0","0","0","0","0","0","0","0","0","0","0","0","0","0","0","0","0","0","0","0","0","0","0","0","0","0","0","0","0","0"
"","","0xe1f4bd71ea70","      IADD R11, P0, RZ, -R4","0","0","0","0","0","0","0","0","0","32","0","-","-","-","0","0","0","0","0","-","0","0","0","0","0","0","0","0","0","0","0","0","0","0","0","0","0","0","0","0","0","0","0","0","0","0","0","0","0","0","0","0","0","0","0","0","0","0","0","0"
"","","0xe1f4bd71ea80","      IMAD R4, R9, UR6, R5","0","0","0","0","0","0","0","0","0","32","0","-","-","-","0","0","0","0","0","-","0","0","0","0","0","0","0","0","0","0","0","0","0","0","0","0","0","0","0","0","0","0","0","0","0","0","0","0","0","0","0","0","0","0","0","0","0","0","0","0"
"","","0xe1f4bd71ea90","      HFMA2 R5, -RZ, RZ, 0, 0","0","0","0","0","0","0","0","0","0","32","0","-","-","-","0","0","0","0","0","-","0","0","0","0","0","0","0","0","0","0","0","0","0","0","0","0","0","0","0","0","0","0","0","0","0","0","0","0","0","0","0","0","0","0","0","0","0","0","0","0"
"","","0xe1f4bd71eaa0","      IMAD.HI.U32 R6, R7, R11, RZ","0","0","0","0","0","0","0","0","0","32","0","-","-","-","0","0","0","0","0","-","0","0","0","0","0","0","0","0","0","0","0","0","0","0","0","0","0","0","0","0","0","0","0","0","0","0","0","0","0","0","0","0","0","0","0","0","0","0","0","0"
"","","0xe1f4bd71eab0","      IADD.X R4, RZ, ~R4, P0","0","0","0","0","0","0","0","0","0","32","0","-","-","-","0","0","0","0","0","-","0","0","0","0","0","0","0","0","0","0","0","0","0","0","0","0","0","0","0","0","0","0","0","0","0","0","0","0","0","0","0","0","0","0","0","0","0","0","0","0"
"","","0xe1f4bd71eac0","      IMAD.WIDE.U32 R6, P0, R7, R4, R6","0","0","0","0","0","0","0","0","0","32","0","-","-","-","0","0","0","0","0","-","0","0","0","0","0","0","0","0","0","0","0","0","0","0","0","0","0","0","0","0","0","0","0","0","0","0","0","0","0","0","0","0","0","0","0","0","0","0","0","0"
"","","0xe1f4bd71ead0","      IMAD R8, R9, R4, RZ","0","0","0","0","0","0","0","0","0","32","0","-","-","-","0","0","0","0","0","-","0","0","0","0","0","0","0","0","0","0","0","0","0","0","0","0","0","0","0","0","0","0","0","0","0","0","0","0","0","0","0","0","0","0","0","0","0","0","0","0"
"","","0xe1f4bd71eae0","      IMAD.HI.U32 R7, P1, R9, R11, R6","0","0","0","0","0","0","0","0","0","32","0","-","-","-","0","0","0","0","0","-","0","0","0","0","0","0","0","0","0","0","0","0","0","0","0","0","0","0","0","0","0","0","0","0","0","0","0","0","0","0","0","0","0","0","0","0","0","0","0","0"
"","","0xe1f4bd71eaf0","      IMAD.HI.U32 R4, R9, R4, RZ","0","0","0","0","0","0","0","0","0","32","0","-","-","-","0","0","0","0","0","-","0","0","0","0","0","0","0","0","0","0","0","0","0","0","0","0","0","0","0","0","0","0","0","0","0","0","0","0","0","0","0","0","0","0","0","0","0","0","0","0"
"","","0xe1f4bd71eb00","      IADD R7, P2, R8, R7","0","0","0","0","0","0","0","0","0","32","0","-","-","-","0","0","0","0","0","-","0","0","0","0","0","0","0","0","0","0","0","0","0","0","0","0","0","0","0","0","0","0","0","0","0","0","0","0","0","0","0","0","0","0","0","0","0","0","0","0"
"","","0xe1f4bd71eb10","      IADD.X R9, R4, R9, P0","0","0","0","0","0","0","0","0","0","32","0","-","-","-","0","0","0","0","0","-","0","0","0","0","0","0","0","0","0","0","0","0","0","0","0","0","0","0","0","0","0","0","0","0","0","0","0","0","0","0","0","0","0","0","0","0","0","0","0","0"
"","","0xe1f4bd71eb20","      IMAD.HI.U32 R4, R7, R2, RZ","0","0","0","0","0","0","0","0","0","32","0","-","-","-","0","0","0","0","0","-","0","0","0","0","0","0","0","0","0","0","0","0","0","0","0","0","0","0","0","0","0","0","0","0","0","0","0","0","0","0","0","0","0","0","0","0","0","0","0","0"
"","","0xe1f4bd71eb30","      IADD3.X R9, PT, PT, RZ, RZ, R9, P2, P1","0","0","0","0","0","0","0","0","0","32","0","-","-","-","0","0","0","0","0","-","0","0","0","0","0","0","0","0","0","0","0","0","0","0","0","0","0","0","0","0","0","0","0","0","0","0","0","0","0","0","0","0","0","0","0","0","0","0","0","0"
"","","0xe1f4bd71eb40","      IMAD.WIDE.U32 R4, R7, R3, R4","0","0","0","0","0","0","0","0","0","32","0","-","-","-","0","0","0","0","0","-","0","0","0","0","0","0","0","0","0","0","0","0","0","0","0","0","0","0","0","0","0","0","0","0","0","0","0","0","0","0","0","0","0","0","0","0","0","0","0","0"
"","","0xe1f4bd71eb50","      IMAD.HI.U32 R6, R9, R3, RZ","0","0","0","0","0","0","0","0","0","32","0","-","-","-","0","0","0","0","0","-","0","0","0","0","0","0","0","0","0","0","0","0","0","0","0","0","0","0","0","0","0","0","0","0","0","0","0","0","0","0","0","0","0","0","0","0","0","0","0","0"
"","","0xe1f4bd71eb60","      IMAD.HI.U32 R5, P0, R9, R2, R4","0","0","0","0","0","0","0","0","0","32","0","-","-","-","0","0","0","0","0","-","0","0","0","0","0","0","0","0","0","0","0","0","0","0","0","0","0","0","0","0","0","0","0","0","0","0","0","0","0","0","0","0","0","0","0","0","0","0","0","0"
"","","0xe1f4bd71eb70","      IMAD R8, R9, R3, RZ","0","0","0","0","0","0","0","0","0","32","0","-","-","-","0","0","0","0","0","-","0","0","0","0","0","0","0","0","0","0","0","0","0","0","0","0","0","0","0","0","0","0","0","0","0","0","0","0","0","0","0","0","0","0","0","0","0","0","0","0"
"","","0xe1f4bd71eb80","      IADD.X R4, R6, RZ, P0","0","0","0","0","0","0","0","0","0","32","0","-","-","-","0","0","0","0","0","-","0","0","0","0","0","0","0","0","0","0","0","0","0","0","0","0","0","0","0","0","0","0","0","0","0","0","0","0","0","0","0","0","0","0","0","0","0","0","0","0"
"","","0xe1f4bd71eb90","      IADD R6, P0, R8, R5","0","0","0","0","0","0","0","0","0","32","0","-","-","-","0","0","0","0","0","-","0","0","0","0","0","0","0","0","0","0","0","0","0","0","0","0","0","0","0","0","0","0","0","0","0","0","0","0","0","0","0","0","0","0","0","0","0","0","0","0"
"","","0xe1f4bd71eba0","      IADD.X R7, RZ, R4, P0","0","0","0","0","0","0","0","0","0","32","0","-","-","-","0","0","0","0","0","-","0","0","0","0","0","0","0","0","0","0","0","0","0","0","0","0","0","0","0","0","0","0","0","0","0","0","0","0","0","0","0","0","0","0","0","0","0","0","0","0"
"","","0xe1f4bd71ebb0","      IMAD.WIDE.U32 R4, R6, UR6, RZ","0","0","0","0","0","0","0","0","0","32","0","-","-","-","0","0","0","0","0","-","0","0","0","0","0","0","0","0","0","0","0","0","0","0","0","0","0","0","0","0","0","0","0","0","0","0","0","0","0","0","0","0","0","0","0","0","0","0","0","0"
"","","0xe1f4bd71ebc0","      IMAD R5, R7, UR6, R5","0","0","0","0","0","0","0","0","0","32","0","-","-","-","0","0","0","0","0","-","0","0","0","0","0","0","0","0","0","0","0","0","0","0","0","0","0","0","0","0","0","0","0","0","0","0","0","0","0","0","0","0","0","0","0","0","0","0","0","0"
"","","0xe1f4bd71ebd0","      IADD.64 R4, R2, -R4","0","0","0","0","0","0","0","0","0","32","0","-","-","-","0","0","0","0","0","-","0","0","0","0","0","0","0","0","0","0","0","0","0","0","0","0","0","0","0","0","0","0","0","0","0","0","0","0","0","0","0","0","0","0","0","0","0","0","0","0"
"","","0xe1f4bd71ebe0","      ISETP.GE.U64.AND P0, PT, R4, UR4, PT","0","0","0","0","0","0","0","0","0","32","0","-","-","-","0","0","0","0","0","-","0","0","0","0","0","0","0","0","0","0","0","0","0","0","0","0","0","0","0","0","0","0","0","0","0","0","0","0","0","0","0","0","0","0","0","0","0","0","0","0"
"","","0xe1f4bd71ebf0","@P0   IADD.64 R4, R4, -UR4","0","0","0","0","0","0","0","0","0","32","0","-","-","-","0","0","0","0","0","-","0","0","0","0","0","0","0","0","0","0","0","0","0","0","0","0","0","0","0","0","0","0","0","0","0","0","0","0","0","0","0","0","0","0","0","0","0","0","0","0"
"","","0xe1f4bd71ec00","      ISETP.GE.U64.AND P1, PT, R4, UR4, PT","0","0","0","0","0","0","0","0","0","32","0","-","-","-","0","0","0","0","0","-","0","0","0","0","0","0","0","0","0","0","0","0","0","0","0","0","0","0","0","0","0","0","0","0","0","0","0","0","0","0","0","0","0","0","0","0","0","0","0","0"
"","","0xe1f4bd71ec10","      MOV R4, R6","0","0","0","0","0","0","0","0","0","32","0","-","-","-","0","0","0","0","0","-","0","0","0","0","0","0","0","0","0","0","0","0","0","0","0","0","0","0","0","0","0","0","0","0","0","0","0","0","0","0","0","0","0","0","0","0","0","0","0","0"
"","","0xe1f4bd71ec20","      MOV R5, R7","0","0","0","0","0","0","0","0","0","32","0","-","-","-","0","0","0","0","0","-","0","0","0","0","0","0","0","0","0","0","0","0","0","0","0","0","0","0","0","0","0","0","0","0","0","0","0","0","0","0","0","0","0","0","0","0","0","0","0","0"
"","","0xe1f4bd71ec30","      MOV R6, R0","0","0","0","0","0","0","0","0","0","32","0","-","-","-","0","0","0","0","0","-","0","0","0","0","0","0","0","0","0","0","0","0","0","0","0","0","0","0","0","0","0","0","0","0","0","0","0","0","0","0","0","0","0","0","0","0","0","0","0","0"
"","","0xe1f4bd71ec40","      HFMA2 R7, -RZ, RZ, 0, 0","0","0","0","0","0","0","0","0","0","32","0","-","-","-","0","0","0","0","0","-","0","0","0","0","0","0","0","0","0","0","0","0","0","0","0","0","0","0","0","0","0","0","0","0","0","0","0","0","0","0","0","0","0","0","0","0","0","0","0","0"
"","","0xe1f4bd71ec50","@P0   IADD.64 R4, R4, 0x1","0","0","0","0","0","0","0","0","0","32","0","-","-","-","0","0","0","0","0","-","0","0","0","0","0","0","0","0","0","0","0","0","0","0","0","0","0","0","0","0","0","0","0","0","0","0","0","0","0","0","0","0","0","0","0","0","0","0","0","0"
"","","0xe1f4bd71ec60","      ISETP.NE.S64.AND P0, PT, RZ, UR4, PT","0","0","0","0","0","0","0","0","0","32","0","-","-","-","0","0","0","0","0","-","0","0","0","0","0","0","0","0","0","0","0","0","0","0","0","0","0","0","0","0","0","0","0","0","0","0","0","0","0","0","0","0","0","0","0","0","0","0","0","0"
"","","0xe1f4bd71ec70","@P1   IADD.64 R4, R4, 0x1","0","0","0","0","0","0","0","0","0","32","0","-","-","-","0","0","0","0","0","-","0","0","0","0","0","0","0","0","0","0","0","0","0","0","0","0","0","0","0","0","0","0","0","0","0","0","0","0","0","0","0","0","0","0","0","0","0","0","0","0"
"","","0xe1f4bd71ec80","      SEL.64 R4, R4, -0x1, P0","0","0","0","0","0","0","0","0","0","32","0","-","-","-","0","0","0","0","0","-","0","0","0","0","0","0","0","0","0","0","0","0","0","0","0","0","0","0","0","0","0","0","0","0","0","0","0","0","0","0","0","0","0","0","0","0","0","0","0","0"
"","","0xe1f4bd71ec90","      RET.REL.NODEC R6, 0xe1f4bd71e100","0","0","0","0","0","0","0","0","0","32","0","-","-","-","0","0","0","0","0","-","0","0","0","0","0","0","0","0","0","0","0","0","0","0","0","0","0","0","0","0","0","0","0","0","0","0","0","0","0","0","0","0","0","0","0","0","0","0","0","0"
"","","0xe1f4bd71eca0","      BRA `(.L_x_0) 0xe1f4bd71eca0","0","0","0","0","0","0","0","0","0","0","0","-","-","-","0","0","0","0","0","-","0","0","0","0","0","0","0","0","0","0","0","0","0","0","0","0","0","0","0","0","0","0","0","0","0","0","0","0","0","0","0","0","0","0","0","0","0","0","0","0"
"","","0xe1f4bd71ecb0","      NOP","0","0","0","0","0","0","0","0","0","0","0","-","-","-","0","0","0","0","0","-","0","0","0","0","0","0","0","0","0","0","0","0","0","0","0","0","0","0","0","0","0","0","0","0","0","0","0","0","0","0","0","0","0","0","0","0","0","0","0","0"
"","","0xe1f4bd71ecc0","      NOP","0","0","0","0","0","0","0","0","0","0","0","-","-","-","0","0","0","0","0","-","0","0","0","0","0","0","0","0","0","0","0","0","0","0","0","0","0","0","0","0","0","0","0","0","0","0","0","0","0","0","0","0","0","0","0","0","0","0","0","0"
"","","0xe1f4bd71ecd0","      NOP","0","0","0","0","0","0","0","0","0","0","0","-","-","-","0","0","0","0","0","-","0","0","0","0","0","0","0","0","0","0","0","0","0","0","0","0","0","0","0","0","0","0","0","0","0","0","0","0","0","0","0","0","0","0","0","0","0","0","0","0"
"","","0xe1f4bd71ece0","      NOP","0","0","0","0","0","0","0","0","0","0","0","-","-","-","0","0","0","0","0","-","0","0","0","0","0","0","0","0","0","0","0","0","0","0","0","0","0","0","0","0","0","0","0","0","0","0","0","0","0","0","0","0","0","0","0","0","0","0","0","0"
"","","0xe1f4bd71ecf0","      NOP","0","0","0","0","0","0","0","0","0","0","0","-","-","-","0","0","0","0","0","-","0","0","0","0","0","0","0","0","0","0","0","0","0","0","0","0","0","0","0","0","0","0","0","0","0","0","0","0","0","0","0","0","0","0","0","0","0","0","0","0"
"","","0xe1f4bd71ed00","      NOP","0","0","0","0","0","0","0","0","0","0","0","-","-","-","0","0","0","0","0","-","0","0","0","0","0","0","0","0","0","0","0","0","0","0","0","0","0","0","0","0","0","0","0","0","0","0","0","0","0","0","0","0","0","0","0","0","0","0","0","0"
"","","0xe1f4bd71ed10","      NOP","0","0","0","0","0","0","0","0","0","0","0","-","-","-","0","0","0","0","0","-","0","0","0","0","0","0","0","0","0","0","0","0","0","0","0","0","0","0","0","0","0","0","0","0","0","0","0","0","0","0","0","0","0","0","0","0","0","0","0","0"
"","","0xe1f4bd71ed20","      NOP","0","0","0","0","0","0","0","0","0","0","0","-","-","-","0","0","0","0","0","-","0","0","0","0","0","0","0","0","0","0","0","0","0","0","0","0","0","0","0","0","0","0","0","0","0","0","0","0","0","0","0","0","0","0","0","0","0","0","0","0"
"","","0xe1f4bd71ed30","      NOP","0","0","0","0","0","0","0","0","0","0","0","-","-","-","0","0","0","0","0","-","0","0","0","0","0","0","0","0","0","0","0","0","0","0","0","0","0","0","0","0","0","0","0","0","0","0","0","0","0","0","0","0","0","0","0","0","0","0","0","0"
"","","0xe1f4bd71ed40","      NOP","0","0","0","0","0","0","0","0","0","0","0","-","-","-","0","0","0","0","0","-","0","0","0","0","0","0","0","0","0","0","0","0","0","0","0","0","0","0","0","0","0","0","0","0","0","0","0","0","0","0","0","0","0","0","0","0","0","0","0","0"
"","","0xe1f4bd71ed50","      NOP","0","0","0","0","0","0","0","0","0","0","0","-","-","-","0","0","0","0","0","-","0","0","0","0","0","0","0","0","0","0","0","0","0","0","0","0","0","0","0","0","0","0","0","0","0","0","0","0","0","0","0","0","0","0","0","0","0","0","0","0"
"","","0xe1f4bd71ed60","      NOP","0","0","0","0","0","0","0","0","0","0","0","-","-","-","0","0","0","0","0","-","0","0","0","0","0","0","0","0","0","0","0","0","0","0","0","0","0","0","0","0","0","0","0","0","0","0","0","0","0","0","0","0","0","0","0","0","0","0","0","0"
"","","0xe1f4bd71ed70","      NOP","0","0","0","0","0","0","0","0","0","0","0","-","-","-","0","0","0","0","0","-","0","0","0","0","0","0","0","0","0","0","0","0","0","0","0","0","0","0","0","0","0","0","0","0","0","0","0","0","0","0","0","0","0","0","0","0","0","0","0","0"
